Region,Province,Type_of_consumer,Year,User,KWh
ภาคกลาง,กรุงเทพมหานคร,กิจการขนาดกลาง,2565,16666,"5,776,109,622"
ภาคกลาง,กรุงเทพมหานคร,กิจการขนาดเล็ก,2565,248336,"5,358,494,703"
ภาคกลาง,กรุงเทพมหานคร,กิจการขนาดใหญ่,2565,1609,"10,799,621,167"
ภาคกลาง,กรุงเทพมหานคร,กิจการเฉพาะอย่าง,2565,2666,"1,663,795,741"
ภาคกลาง,กรุงเทพมหานคร,บ้านอยู่อาศัย,2565,2637636,"11,059,104,827"
ภาคกลาง,กรุงเทพมหานคร,สถานีอัดประจุไฟฟ้า,2565,272,"10,510,796"
ภาคกลาง,กรุงเทพมหานคร,ส่วนราชการและองค์กรที่ไม่แสวงหากำไร,2565,291,"135,953,711"
ภาคกลาง,กรุงเทพมหานคร,ไฟชั่วคราว,2565,19306,"260,218,705"
ภาคกลาง,กรุงเทพมหานคร,ไฟสาธารณะ,2565,-,"340,548,981"
ภาคกลาง,กาญจนบุรี,กิจการขนาดกลาง,2565,1700,"363,267,168"
ภาคกลาง,กาญจนบุรี,กิจการขนาดเล็ก,2565,25577,"216,009,134"
ภาคกลาง,กาญจนบุรี,กิจการขนาดใหญ่,2565,92,"706,567,233"
ภาคกลาง,กาญจนบุรี,กิจการเฉพาะอย่าง,2565,243,"46,923,671"
ภาคกลาง,กาญจนบุรี,บ้านอยู่อาศัย,2565,158818,"545,953,772"
ภาคกลาง,กาญจนบุรี,บ้านอยู่อาศัย,2565,119835,"99,419,798"
ภาคกลาง,กาญจนบุรี,สถานีอัดประจุไฟฟ้า,2565,2,"77,928"
ภาคกลาง,กาญจนบุรี,สูบน้ำเพื่อการเกษตร,2565,106,"8,733,267"
ภาคกลาง,กาญจนบุรี,ส่วนราชการและองค์กรที่ไม่แสวงหากำไร,2565,9,"358,246"
ภาคกลาง,กาญจนบุรี,ไฟชั่วคราว,2565,4250,"11,786,401"
ภาคกลาง,กาญจนบุรี,ไฟที่สามารถงดจ่ายไฟฟ้าได้,2565,-, - 
ภาคกลาง,กาญจนบุรี,ไฟสำรอง,2565,-, - 
ภาคกลาง,จันทบุรี,กิจการขนาดกลาง,2565,1346,"241,944,634"
ภาคกลาง,จันทบุรี,กิจการขนาดเล็ก,2565,28462,"193,374,018"
ภาคกลาง,จันทบุรี,กิจการขนาดใหญ่,2565,59,"253,066,385"
ภาคกลาง,จันทบุรี,กิจการเฉพาะอย่าง,2565,182,"28,454,427"
ภาคกลาง,จันทบุรี,บ้านอยู่อาศัย,2565,150321,"545,537,887"
ภาคกลาง,จันทบุรี,บ้านอยู่อาศัย,2565,95911,"72,740,380"
ภาคกลาง,จันทบุรี,สถานีอัดประจุไฟฟ้า,2565,-, - 
ภาคกลาง,จันทบุรี,สูบน้ำเพื่อการเกษตร,2565,45,"2,468,943"
ภาคกลาง,จันทบุรี,ส่วนราชการและองค์กรที่ไม่แสวงหากำไร,2565,13,"295,147"
ภาคกลาง,จันทบุรี,ไฟชั่วคราว,2565,3055,"9,270,505"
ภาคกลาง,จันทบุรี,ไฟที่สามารถงดจ่ายไฟฟ้าได้,2565,-, - 
ภาคกลาง,จันทบุรี,ไฟสำรอง,2565,-, - 
ภาคกลาง,ฉะเชิงเทรา,กิจการขนาดกลาง,2565,2560,"859,388,329"
ภาคกลาง,ฉะเชิงเทรา,กิจการขนาดเล็ก,2565,33340,"334,442,523"
ภาคกลาง,ฉะเชิงเทรา,กิจการขนาดใหญ่,2565,437,"3,423,877,700"
ภาคกลาง,ฉะเชิงเทรา,กิจการเฉพาะอย่าง,2565,170,"28,417,410"
ภาคกลาง,ฉะเชิงเทรา,บ้านอยู่อาศัย,2565,165456,"659,860,016"
ภาคกลาง,ฉะเชิงเทรา,บ้านอยู่อาศัย,2565,76005,"63,841,122"
ภาคกลาง,ฉะเชิงเทรา,สถานีอัดประจุไฟฟ้า,2565,-, - 
ภาคกลาง,ฉะเชิงเทรา,สูบน้ำเพื่อการเกษตร,2565,43,"9,475,649"
ภาคกลาง,ฉะเชิงเทรา,ส่วนราชการและองค์กรที่ไม่แสวงหากำไร,2565,88,"638,141"
ภาคกลาง,ฉะเชิงเทรา,ไฟชั่วคราว,2565,6296,"21,672,532"
ภาคกลาง,ฉะเชิงเทรา,ไฟที่สามารถงดจ่ายไฟฟ้าได้,2565,-, - 
ภาคกลาง,ฉะเชิงเทรา,ไฟสำรอง,2565,2,"2,010,000"
ภาคกลาง,ชลบุรี,กิจการขนาดกลาง,2565,6912,"2,245,930,926"
ภาคกลาง,ชลบุรี,กิจการขนาดเล็ก,2565,72561,"961,654,699"
ภาคกลาง,ชลบุรี,กิจการขนาดใหญ่,2565,934,"7,408,985,831"
ภาคกลาง,ชลบุรี,กิจการเฉพาะอย่าง,2565,1716,"591,363,984"
ภาคกลาง,ชลบุรี,บ้านอยู่อาศัย,2565,587195,"2,265,663,934"
ภาคกลาง,ชลบุรี,บ้านอยู่อาศัย,2565,138398,"113,617,146"
ภาคกลาง,ชลบุรี,สถานีอัดประจุไฟฟ้า,2565,2,"17,623"
ภาคกลาง,ชลบุรี,สูบน้ำเพื่อการเกษตร,2565,11,"24,220"
ภาคกลาง,ชลบุรี,ส่วนราชการและองค์กรที่ไม่แสวงหากำไร,2565,14,"1,196,418"
ภาคกลาง,ชลบุรี,ไฟชั่วคราว,2565,20872,"112,944,993"
ภาคกลาง,ชลบุรี,ไฟที่สามารถงดจ่ายไฟฟ้าได้,2565,-, - 
ภาคกลาง,ชลบุรี,ไฟสำรอง,2565,11,"67,439,810"
ภาคกลาง,ชัยนาท,กิจการขนาดกลาง,2565,463,"109,347,912"
ภาคกลาง,ชัยนาท,กิจการขนาดเล็ก,2565,11045,"82,748,475"
ภาคกลาง,ชัยนาท,กิจการขนาดใหญ่,2565,33,"169,957,938"
ภาคกลาง,ชัยนาท,กิจการเฉพาะอย่าง,2565,21,"3,242,913"
ภาคกลาง,ชัยนาท,บ้านอยู่อาศัย,2565,53250,"165,331,723"
ภาคกลาง,ชัยนาท,บ้านอยู่อาศัย,2565,54964,"45,485,654"
ภาคกลาง,ชัยนาท,สถานีอัดประจุไฟฟ้า,2565,-, - 
ภาคกลาง,ชัยนาท,สูบน้ำเพื่อการเกษตร,2565,30,"2,755,269"
ภาคกลาง,ชัยนาท,ส่วนราชการและองค์กรที่ไม่แสวงหากำไร,2565,-, - 
ภาคกลาง,ชัยนาท,ไฟชั่วคราว,2565,2444,"2,563,795"
ภาคกลาง,ชัยนาท,ไฟที่สามารถงดจ่ายไฟฟ้าได้,2565,-, - 
ภาคกลาง,ชัยนาท,ไฟสำรอง,2565,1,"787,140"
ภาคกลาง,ตราด,กิจการขนาดกลาง,2565,534,"118,773,406"
ภาคกลาง,ตราด,กิจการขนาดเล็ก,2565,14233,"93,048,176"
ภาคกลาง,ตราด,กิจการขนาดใหญ่,2565,21,"57,074,005"
ภาคกลาง,ตราด,กิจการเฉพาะอย่าง,2565,166,"78,718,121"
ภาคกลาง,ตราด,บ้านอยู่อาศัย,2565,45266,"164,321,384"
ภาคกลาง,ตราด,บ้านอยู่อาศัย,2565,34680,"27,651,552"
ภาคกลาง,ตราด,สถานีอัดประจุไฟฟ้า,2565,-, - 
ภาคกลาง,ตราด,สูบน้ำเพื่อการเกษตร,2565,20,"469,007"
ภาคกลาง,ตราด,ส่วนราชการและองค์กรที่ไม่แสวงหากำไร,2565,-, - 
ภาคกลาง,ตราด,ไฟชั่วคราว,2565,2098,"3,373,618"
ภาคกลาง,ตราด,ไฟที่สามารถงดจ่ายไฟฟ้าได้,2565,-, - 
ภาคกลาง,ตราด,ไฟสำรอง,2565,-, - 
ภาคกลาง,นครนายก,กิจการขนาดกลาง,2565,487,"128,277,806"
ภาคกลาง,นครนายก,กิจการขนาดเล็ก,2565,10555,"78,382,130"
ภาคกลาง,นครนายก,กิจการขนาดใหญ่,2565,36,"178,511,978"
ภาคกลาง,นครนายก,กิจการเฉพาะอย่าง,2565,131,"20,415,732"
ภาคกลาง,นครนายก,บ้านอยู่อาศัย,2565,56372,"194,996,520"
ภาคกลาง,นครนายก,บ้านอยู่อาศัย,2565,31823,"26,629,491"
ภาคกลาง,นครนายก,สถานีอัดประจุไฟฟ้า,2565,1, - 
ภาคกลาง,นครนายก,สูบน้ำเพื่อการเกษตร,2565,5,"91,199"
ภาคกลาง,นครนายก,ส่วนราชการและองค์กรที่ไม่แสวงหากำไร,2565,7,"108,902"
ภาคกลาง,นครนายก,ไฟชั่วคราว,2565,3027,"5,414,062"
ภาคกลาง,นครนายก,ไฟที่สามารถงดจ่ายไฟฟ้าได้,2565,-, - 
ภาคกลาง,นครนายก,ไฟสำรอง,2565,-, - 
ภาคกลาง,นครปฐม,กิจการขนาดกลาง,2565,3435,"995,029,689"
ภาคกลาง,นครปฐม,กิจการขนาดเล็ก,2565,40499,"452,301,570"
ภาคกลาง,นครปฐม,กิจการขนาดใหญ่,2565,340,"2,286,031,579"
ภาคกลาง,นครปฐม,กิจการเฉพาะอย่าง,2565,383,"68,430,033"
ภาคกลาง,นครปฐม,บ้านอยู่อาศัย,2565,216404,"952,045,962"
ภาคกลาง,นครปฐม,บ้านอยู่อาศัย,2565,85540,"71,324,898"
ภาคกลาง,นครปฐม,สถานีอัดประจุไฟฟ้า,2565,-, - 
ภาคกลาง,นครปฐม,สูบน้ำเพื่อการเกษตร,2565,8,"602,296"
ภาคกลาง,นครปฐม,ส่วนราชการและองค์กรที่ไม่แสวงหากำไร,2565,15,"1,183,535"
ภาคกลาง,นครปฐม,ไฟชั่วคราว,2565,6517,"25,632,760"
ภาคกลาง,นครปฐม,ไฟที่สามารถงดจ่ายไฟฟ้าได้,2565,-, - 
ภาคกลาง,นครปฐม,ไฟสำรอง,2565,-, - 
ภาคกลาง,นนทบุรี,กิจการขนาดกลาง,2565,2416,"788,004,663"
ภาคกลาง,นนทบุรี,กิจการขนาดเล็ก,2565,42743,"741,540,159"
ภาคกลาง,นนทบุรี,กิจการขนาดใหญ่,2565,231,"1,528,931,567"
ภาคกลาง,นนทบุรี,กิจการเฉพาะอย่าง,2565,132,"38,719,854"
ภาคกลาง,นนทบุรี,บ้านอยู่อาศัย,2565,619486,"2,476,445,766"
ภาคกลาง,นนทบุรี,สถานีอัดประจุไฟฟ้า,2565,57,"2,816,153"
ภาคกลาง,นนทบุรี,ส่วนราชการและองค์กรที่ไม่แสวงหากำไร,2565,13,"774,784"
ภาคกลาง,นนทบุรี,ไฟชั่วคราว,2565,6135,"48,506,781"
ภาคกลาง,นนทบุรี,ไฟสาธารณะ,2565,-,"90,102,491"
ภาคกลาง,ปทุมธานี,กิจการขนาดกลาง,2565,4668,"1,346,041,564"
ภาคกลาง,ปทุมธานี,กิจการขนาดเล็ก,2565,47715,"637,100,384"
ภาคกลาง,ปทุมธานี,กิจการขนาดใหญ่,2565,466,"3,612,299,766"
ภาคกลาง,ปทุมธานี,กิจการเฉพาะอย่าง,2565,714,"168,902,128"
ภาคกลาง,ปทุมธานี,บ้านอยู่อาศัย,2565,440208,"1,866,689,851"
ภาคกลาง,ปทุมธานี,บ้านอยู่อาศัย,2565,86923,"72,209,782"
ภาคกลาง,ปทุมธานี,สถานีอัดประจุไฟฟ้า,2565,2,"8,021"
ภาคกลาง,ปทุมธานี,สูบน้ำเพื่อการเกษตร,2565,62,"178,155"
ภาคกลาง,ปทุมธานี,ส่วนราชการและองค์กรที่ไม่แสวงหากำไร,2565,10,"33,557,700"
ภาคกลาง,ปทุมธานี,ไฟชั่วคราว,2565,9836,"64,076,051"
ภาคกลาง,ปทุมธานี,ไฟที่สามารถงดจ่ายไฟฟ้าได้,2565,-, - 
ภาคกลาง,ปทุมธานี,ไฟสำรอง,2565,5,"8,605,200"
ภาคกลาง,ประจวบคีรีขันธ์,กิจการขนาดกลาง,2565,1135,"271,174,382"
ภาคกลาง,ประจวบคีรีขันธ์,กิจการขนาดเล็ก,2565,19488,"171,264,195"
ภาคกลาง,ประจวบคีรีขันธ์,กิจการขนาดใหญ่,2565,64,"542,370,139"
ภาคกลาง,ประจวบคีรีขันธ์,กิจการเฉพาะอย่าง,2565,444,"134,564,042"
ภาคกลาง,ประจวบคีรีขันธ์,บ้านอยู่อาศัย,2565,140172,"463,458,335"
ภาคกลาง,ประจวบคีรีขันธ์,บ้านอยู่อาศัย,2565,79885,"67,175,215"
ภาคกลาง,ประจวบคีรีขันธ์,สถานีอัดประจุไฟฟ้า,2565,1,"47,344"
ภาคกลาง,ประจวบคีรีขันธ์,สูบน้ำเพื่อการเกษตร,2565,13,"114,041"
ภาคกลาง,ประจวบคีรีขันธ์,ส่วนราชการและองค์กรที่ไม่แสวงหากำไร,2565,25,"1,499,273"
ภาคกลาง,ประจวบคีรีขันธ์,ไฟชั่วคราว,2565,6989,"14,219,149"
ภาคกลาง,ประจวบคีรีขันธ์,ไฟที่สามารถงดจ่ายไฟฟ้าได้,2565,-, - 
ภาคกลาง,ประจวบคีรีขันธ์,ไฟสำรอง,2565,-, - 
ภาคกลาง,ปราจีนบุรี,กิจการขนาดกลาง,2565,1204,"388,184,021"
ภาคกลาง,ปราจีนบุรี,กิจการขนาดเล็ก,2565,17393,"165,407,533"
ภาคกลาง,ปราจีนบุรี,กิจการขนาดใหญ่,2565,129,"2,098,885,998"
ภาคกลาง,ปราจีนบุรี,กิจการเฉพาะอย่าง,2565,123,"27,961,354"
ภาคกลาง,ปราจีนบุรี,บ้านอยู่อาศัย,2565,109466,"365,599,615"
ภาคกลาง,ปราจีนบุรี,บ้านอยู่อาศัย,2565,66809,"55,104,715"
ภาคกลาง,ปราจีนบุรี,สถานีอัดประจุไฟฟ้า,2565,-, - 
ภาคกลาง,ปราจีนบุรี,สูบน้ำเพื่อการเกษตร,2565,62,"3,708,459"
ภาคกลาง,ปราจีนบุรี,ส่วนราชการและองค์กรที่ไม่แสวงหากำไร,2565,6,"162,220"
ภาคกลาง,ปราจีนบุรี,ไฟชั่วคราว,2565,2729,"9,289,608"
ภาคกลาง,ปราจีนบุรี,ไฟที่สามารถงดจ่ายไฟฟ้าได้,2565,-, - 
ภาคกลาง,ปราจีนบุรี,ไฟสำรอง,2565,1,"610,800"
ภาคกลาง,พระนครศรีอยุธยา,กิจการขนาดกลาง,2565,2354,"682,585,281"
ภาคกลาง,พระนครศรีอยุธยา,กิจการขนาดเล็ก,2565,32771,"334,645,193"
ภาคกลาง,พระนครศรีอยุธยา,กิจการขนาดใหญ่,2565,333,"3,556,701,377"
ภาคกลาง,พระนครศรีอยุธยา,กิจการเฉพาะอย่าง,2565,299,"63,915,993"
ภาคกลาง,พระนครศรีอยุธยา,บ้านอยู่อาศัย,2565,196922,"777,791,183"
ภาคกลาง,พระนครศรีอยุธยา,บ้านอยู่อาศัย,2565,73189,"67,162,238"
ภาคกลาง,พระนครศรีอยุธยา,สถานีอัดประจุไฟฟ้า,2565,1,"79,305"
ภาคกลาง,พระนครศรีอยุธยา,สูบน้ำเพื่อการเกษตร,2565,91,"6,094,858"
ภาคกลาง,พระนครศรีอยุธยา,ส่วนราชการและองค์กรที่ไม่แสวงหากำไร,2565,40,"894,308"
ภาคกลาง,พระนครศรีอยุธยา,ไฟชั่วคราว,2565,5719,"26,332,786"
ภาคกลาง,พระนครศรีอยุธยา,ไฟที่สามารถงดจ่ายไฟฟ้าได้,2565,-, - 
ภาคกลาง,พระนครศรีอยุธยา,ไฟสำรอง,2565,7,"266,735,200"
ภาคกลาง,ระยอง,กิจการขนาดกลาง,2565,3048,"1,023,710,289"
ภาคกลาง,ระยอง,กิจการขนาดเล็ก,2565,32096,"356,094,418"
ภาคกลาง,ระยอง,กิจการขนาดใหญ่,2565,599,"8,033,748,216"
ภาคกลาง,ระยอง,กิจการเฉพาะอย่าง,2565,449,"113,289,328"
ภาคกลาง,ระยอง,บ้านอยู่อาศัย,2565,272602,"1,004,907,894"
ภาคกลาง,ระยอง,บ้านอยู่อาศัย,2565,145883,"112,581,540"
ภาคกลาง,ระยอง,สถานีอัดประจุไฟฟ้า,2565,1, - 
ภาคกลาง,ระยอง,สูบน้ำเพื่อการเกษตร,2565,34,"12,013,383"
ภาคกลาง,ระยอง,ส่วนราชการและองค์กรที่ไม่แสวงหากำไร,2565,22,"146,595"
ภาคกลาง,ระยอง,ไฟชั่วคราว,2565,9425,"59,169,294"
ภาคกลาง,ระยอง,ไฟที่สามารถงดจ่ายไฟฟ้าได้,2565,-, - 
ภาคกลาง,ระยอง,ไฟสำรอง,2565,19,"238,606,080"
ภาคกลาง,ราชบุรี,กิจการขนาดกลาง,2565,1967,"545,889,327"
ภาคกลาง,ราชบุรี,กิจการขนาดเล็ก,2565,34563,"276,738,774"
ภาคกลาง,ราชบุรี,กิจการขนาดใหญ่,2565,153,"1,100,505,730"
ภาคกลาง,ราชบุรี,กิจการเฉพาะอย่าง,2565,121,"18,034,292"
ภาคกลาง,ราชบุรี,บ้านอยู่อาศัย,2565,177667,"660,550,899"
ภาคกลาง,ราชบุรี,บ้านอยู่อาศัย,2565,105925,"91,743,289"
ภาคกลาง,ราชบุรี,สถานีอัดประจุไฟฟ้า,2565,1,"1,035"
ภาคกลาง,ราชบุรี,สูบน้ำเพื่อการเกษตร,2565,91,"999,192"
ภาคกลาง,ราชบุรี,ส่วนราชการและองค์กรที่ไม่แสวงหากำไร,2565,40,"1,813,828"
ภาคกลาง,ราชบุรี,ไฟชั่วคราว,2565,6493,"13,912,787"
ภาคกลาง,ราชบุรี,ไฟที่สามารถงดจ่ายไฟฟ้าได้,2565,-, - 
ภาคกลาง,ราชบุรี,ไฟสำรอง,2565,5,"1,426,400"
ภาคกลาง,ลพบุรี,กิจการขนาดกลาง,2565,1165,"369,746,407"
ภาคกลาง,ลพบุรี,กิจการขนาดเล็ก,2565,24951,"188,843,149"
ภาคกลาง,ลพบุรี,กิจการขนาดใหญ่,2565,117,"1,309,231,847"
ภาคกลาง,ลพบุรี,กิจการเฉพาะอย่าง,2565,76,"10,509,062"
ภาคกลาง,ลพบุรี,บ้านอยู่อาศัย,2565,131396,"440,256,299"
ภาคกลาง,ลพบุรี,บ้านอยู่อาศัย,2565,104215,"85,320,426"
ภาคกลาง,ลพบุรี,สถานีอัดประจุไฟฟ้า,2565,-,367
ภาคกลาง,ลพบุรี,สูบน้ำเพื่อการเกษตร,2565,46,"3,232,178"
ภาคกลาง,ลพบุรี,ส่วนราชการและองค์กรที่ไม่แสวงหากำไร,2565,7,"403,582"
ภาคกลาง,ลพบุรี,ไฟชั่วคราว,2565,4487,"9,870,052"
ภาคกลาง,ลพบุรี,ไฟที่สามารถงดจ่ายไฟฟ้าได้,2565,-, - 
ภาคกลาง,ลพบุรี,ไฟสำรอง,2565,-, - 
ภาคกลาง,สมุทรปราการ,กิจการขนาดกลาง,2565,4871,"1,882,095,119"
ภาคกลาง,สมุทรปราการ,กิจการขนาดเล็ก,2565,55163,"996,499,679"
ภาคกลาง,สมุทรปราการ,กิจการขนาดใหญ่,2565,736,"5,299,281,998"
ภาคกลาง,สมุทรปราการ,กิจการเฉพาะอย่าง,2565,333,"86,046,036"
ภาคกลาง,สมุทรปราการ,บ้านอยู่อาศัย,2565,515719,"1,951,475,729"
ภาคกลาง,สมุทรปราการ,สถานีอัดประจุไฟฟ้า,2565,45,"1,029,596"
ภาคกลาง,สมุทรปราการ,ส่วนราชการและองค์กรที่ไม่แสวงหากำไร,2565,28,"1,678,771"
ภาคกลาง,สมุทรปราการ,ไฟชั่วคราว,2565,4266,"63,863,679"
ภาคกลาง,สมุทรปราการ,ไฟสาธารณะ,2565,-,"82,149,286"
ภาคกลาง,สมุทรสงคราม,กิจการขนาดกลาง,2565,401,"97,609,304"
ภาคกลาง,สมุทรสงคราม,กิจการขนาดเล็ก,2565,6808,"56,531,157"
ภาคกลาง,สมุทรสงคราม,กิจการขนาดใหญ่,2565,32,"152,056,519"
ภาคกลาง,สมุทรสงคราม,กิจการเฉพาะอย่าง,2565,61,"9,071,493"
ภาคกลาง,สมุทรสงคราม,บ้านอยู่อาศัย,2565,38846,"153,682,875"
ภาคกลาง,สมุทรสงคราม,บ้านอยู่อาศัย,2565,25893,"20,542,603"
ภาคกลาง,สมุทรสงคราม,สถานีอัดประจุไฟฟ้า,2565,-, - 
ภาคกลาง,สมุทรสงคราม,สูบน้ำเพื่อการเกษตร,2565,6,"35,855"
ภาคกลาง,สมุทรสงคราม,ส่วนราชการและองค์กรที่ไม่แสวงหากำไร,2565,46,"97,399"
ภาคกลาง,สมุทรสงคราม,ไฟชั่วคราว,2565,1789,"2,710,876"
ภาคกลาง,สมุทรสงคราม,ไฟที่สามารถงดจ่ายไฟฟ้าได้,2565,-, - 
ภาคกลาง,สมุทรสงคราม,ไฟสำรอง,2565,-, - 
ภาคกลาง,สมุทรสาคร,กิจการขนาดกลาง,2565,5286,"1,922,093,805"
ภาคกลาง,สมุทรสาคร,กิจการขนาดเล็ก,2565,36180,"541,926,424"
ภาคกลาง,สมุทรสาคร,กิจการขนาดใหญ่,2565,772,"5,119,412,678"
ภาคกลาง,สมุทรสาคร,กิจการเฉพาะอย่าง,2565,373,"66,126,559"
ภาคกลาง,สมุทรสาคร,บ้านอยู่อาศัย,2565,166236,"760,107,532"
ภาคกลาง,สมุทรสาคร,บ้านอยู่อาศัย,2565,66413,"54,856,380"
ภาคกลาง,สมุทรสาคร,สถานีอัดประจุไฟฟ้า,2565,-, - 
ภาคกลาง,สมุทรสาคร,สูบน้ำเพื่อการเกษตร,2565,1,"4,130"
ภาคกลาง,สมุทรสาคร,ส่วนราชการและองค์กรที่ไม่แสวงหากำไร,2565,4,"81,966"
ภาคกลาง,สมุทรสาคร,ไฟชั่วคราว,2565,5490,"27,616,387"
ภาคกลาง,สมุทรสาคร,ไฟที่สามารถงดจ่ายไฟฟ้าได้,2565,-, - 
ภาคกลาง,สมุทรสาคร,ไฟสำรอง,2565,-, - 
ภาคกลาง,สระบุรี,กิจการขนาดกลาง,2565,1706,"509,885,038"
ภาคกลาง,สระบุรี,กิจการขนาดเล็ก,2565,21137,"198,998,533"
ภาคกลาง,สระบุรี,กิจการขนาดใหญ่,2565,226,"2,916,237,348"
ภาคกลาง,สระบุรี,กิจการเฉพาะอย่าง,2565,154,"20,992,688"
ภาคกลาง,สระบุรี,บ้านอยู่อาศัย,2565,150109,"579,661,911"
ภาคกลาง,สระบุรี,บ้านอยู่อาศัย,2565,69353,"59,007,294"
ภาคกลาง,สระบุรี,สถานีอัดประจุไฟฟ้า,2565,1,"8,864"
ภาคกลาง,สระบุรี,สูบน้ำเพื่อการเกษตร,2565,44,"7,652,898"
ภาคกลาง,สระบุรี,ส่วนราชการและองค์กรที่ไม่แสวงหากำไร,2565,24,"2,436,070"
ภาคกลาง,สระบุรี,ไฟชั่วคราว,2565,5569,"16,064,142"
ภาคกลาง,สระบุรี,ไฟที่สามารถงดจ่ายไฟฟ้าได้,2565,4,"1,857,879,565"
ภาคกลาง,สระบุรี,ไฟสำรอง,2565,8,"61,987,720"
ภาคกลาง,สระแก้ว,กิจการขนาดกลาง,2565,672,"164,824,340"
ภาคกลาง,สระแก้ว,กิจการขนาดเล็ก,2565,17136,"111,235,523"
ภาคกลาง,สระแก้ว,กิจการขนาดใหญ่,2565,54,"307,371,069"
ภาคกลาง,สระแก้ว,กิจการเฉพาะอย่าง,2565,44,"5,053,214"
ภาคกลาง,สระแก้ว,บ้านอยู่อาศัย,2565,75578,"237,780,333"
ภาคกลาง,สระแก้ว,บ้านอยู่อาศัย,2565,89876,"73,022,057"
ภาคกลาง,สระแก้ว,สถานีอัดประจุไฟฟ้า,2565,-, - 
ภาคกลาง,สระแก้ว,สูบน้ำเพื่อการเกษตร,2565,60,"346,031"
ภาคกลาง,สระแก้ว,ส่วนราชการและองค์กรที่ไม่แสวงหากำไร,2565,12,"11,664"
ภาคกลาง,สระแก้ว,ไฟชั่วคราว,2565,3799,"5,086,737"
ภาคกลาง,สระแก้ว,ไฟที่สามารถงดจ่ายไฟฟ้าได้,2565,-, - 
ภาคกลาง,สระแก้ว,ไฟสำรอง,2565,1,"52,800"
ภาคกลาง,สิงห์บุรี,กิจการขนาดกลาง,2565,352,"79,826,739"
ภาคกลาง,สิงห์บุรี,กิจการขนาดเล็ก,2565,8398,"58,553,143"
ภาคกลาง,สิงห์บุรี,กิจการขนาดใหญ่,2565,53,"373,600,788"
ภาคกลาง,สิงห์บุรี,กิจการเฉพาะอย่าง,2565,16,"2,646,161"
ภาคกลาง,สิงห์บุรี,บ้านอยู่อาศัย,2565,41665,"136,075,272"
ภาคกลาง,สิงห์บุรี,บ้านอยู่อาศัย,2565,30366,"25,700,435"
ภาคกลาง,สิงห์บุรี,สถานีอัดประจุไฟฟ้า,2565,-, - 
ภาคกลาง,สิงห์บุรี,สูบน้ำเพื่อการเกษตร,2565,14,"218,459"
ภาคกลาง,สิงห์บุรี,ส่วนราชการและองค์กรที่ไม่แสวงหากำไร,2565,1,"14,384"
ภาคกลาง,สิงห์บุรี,ไฟชั่วคราว,2565,1885,"3,123,587"
ภาคกลาง,สิงห์บุรี,ไฟที่สามารถงดจ่ายไฟฟ้าได้,2565,-, - 
ภาคกลาง,สิงห์บุรี,ไฟสำรอง,2565,-, - 
ภาคกลาง,สุพรรณบุรี,กิจการขนาดกลาง,2565,1431,"332,568,101"
ภาคกลาง,สุพรรณบุรี,กิจการขนาดเล็ก,2565,26861,"219,774,857"
ภาคกลาง,สุพรรณบุรี,กิจการขนาดใหญ่,2565,84,"350,753,842"
ภาคกลาง,สุพรรณบุรี,กิจการเฉพาะอย่าง,2565,96,"13,430,996"
ภาคกลาง,สุพรรณบุรี,บ้านอยู่อาศัย,2565,146392,"525,557,903"
ภาคกลาง,สุพรรณบุรี,บ้านอยู่อาศัย,2565,103488,"92,184,553"
ภาคกลาง,สุพรรณบุรี,สถานีอัดประจุไฟฟ้า,2565,-, - 
ภาคกลาง,สุพรรณบุรี,สูบน้ำเพื่อการเกษตร,2565,237,"1,435,654"
ภาคกลาง,สุพรรณบุรี,ส่วนราชการและองค์กรที่ไม่แสวงหากำไร,2565,9,"390,533"
ภาคกลาง,สุพรรณบุรี,ไฟชั่วคราว,2565,3766,"7,070,473"
ภาคกลาง,สุพรรณบุรี,ไฟที่สามารถงดจ่ายไฟฟ้าได้,2565,-, - 
ภาคกลาง,สุพรรณบุรี,ไฟสำรอง,2565,4,"1,067,900"
ภาคกลาง,อ่างทอง,กิจการขนาดกลาง,2565,378,"76,947,943"
ภาคกลาง,อ่างทอง,กิจการขนาดเล็ก,2565,9508,"65,668,855"
ภาคกลาง,อ่างทอง,กิจการขนาดใหญ่,2565,23,"197,950,144"
ภาคกลาง,อ่างทอง,กิจการเฉพาะอย่าง,2565,14,"934,604"
ภาคกลาง,อ่างทอง,บ้านอยู่อาศัย,2565,52658,"183,355,620"
ภาคกลาง,อ่างทอง,บ้านอยู่อาศัย,2565,38805,"32,234,107"
ภาคกลาง,อ่างทอง,สถานีอัดประจุไฟฟ้า,2565,-, - 
ภาคกลาง,อ่างทอง,สูบน้ำเพื่อการเกษตร,2565,6,"319,513"
ภาคกลาง,อ่างทอง,ส่วนราชการและองค์กรที่ไม่แสวงหากำไร,2565,5,"309,640"
ภาคกลาง,อ่างทอง,ไฟชั่วคราว,2565,1792,"3,124,666"
ภาคกลาง,อ่างทอง,ไฟที่สามารถงดจ่ายไฟฟ้าได้,2565,-, - 
ภาคกลาง,อ่างทอง,ไฟสำรอง,2565,1,"350,400"
ภาคกลาง,เพชรบุรี,กิจการขนาดกลาง,2565,1013,"237,099,507"
ภาคกลาง,เพชรบุรี,กิจการขนาดเล็ก,2565,17103,"135,424,458"
ภาคกลาง,เพชรบุรี,กิจการขนาดใหญ่,2565,82,"650,773,085"
ภาคกลาง,เพชรบุรี,กิจการเฉพาะอย่าง,2565,234,"69,478,566"
ภาคกลาง,เพชรบุรี,บ้านอยู่อาศัย,2565,115082,"366,317,332"
ภาคกลาง,เพชรบุรี,บ้านอยู่อาศัย,2565,87235,"66,105,118"
ภาคกลาง,เพชรบุรี,สถานีอัดประจุไฟฟ้า,2565,3,"88,727"
ภาคกลาง,เพชรบุรี,สูบน้ำเพื่อการเกษตร,2565,49,"2,018,429"
ภาคกลาง,เพชรบุรี,ส่วนราชการและองค์กรที่ไม่แสวงหากำไร,2565,22,"1,102,668"
ภาคกลาง,เพชรบุรี,ไฟชั่วคราว,2565,4093,"8,069,884"
ภาคกลาง,เพชรบุรี,ไฟที่สามารถงดจ่ายไฟฟ้าได้,2565,-, - 
ภาคกลาง,เพชรบุรี,ไฟสำรอง,2565,-, - 
ภาคตะวันออกเฉียงเหนือ,กาฬสินธุ์,กิจการขนาดกลาง,2565,672,"138,223,783"
ภาคตะวันออกเฉียงเหนือ,กาฬสินธุ์,กิจการขนาดเล็ก,2565,20021,"126,346,407"
ภาคตะวันออกเฉียงเหนือ,กาฬสินธุ์,กิจการขนาดใหญ่,2565,28,"185,876,278"
ภาคตะวันออกเฉียงเหนือ,กาฬสินธุ์,กิจการเฉพาะอย่าง,2565,29,"3,443,695"
ภาคตะวันออกเฉียงเหนือ,กาฬสินธุ์,บ้านอยู่อาศัย,2565,89256,"235,391,165"
ภาคตะวันออกเฉียงเหนือ,กาฬสินธุ์,บ้านอยู่อาศัย,2565,190577,"148,413,139"
ภาคตะวันออกเฉียงเหนือ,กาฬสินธุ์,สถานีอัดประจุไฟฟ้า,2565,-, - 
ภาคตะวันออกเฉียงเหนือ,กาฬสินธุ์,สูบน้ำเพื่อการเกษตร,2565,100,"8,105,967"
ภาคตะวันออกเฉียงเหนือ,กาฬสินธุ์,ส่วนราชการและองค์กรที่ไม่แสวงหากำไร,2565,-, - 
ภาคตะวันออกเฉียงเหนือ,กาฬสินธุ์,ไฟชั่วคราว,2565,8752,"7,718,971"
ภาคตะวันออกเฉียงเหนือ,กาฬสินธุ์,ไฟที่สามารถงดจ่ายไฟฟ้าได้,2565,-, - 
ภาคตะวันออกเฉียงเหนือ,กาฬสินธุ์,ไฟสำรอง,2565,3,"1,571,720"
ภาคตะวันออกเฉียงเหนือ,ขอนแก่น,กิจการขนาดกลาง,2565,1920,"425,281,650"
ภาคตะวันออกเฉียงเหนือ,ขอนแก่น,กิจการขนาดเล็ก,2565,42690,"344,656,253"
ภาคตะวันออกเฉียงเหนือ,ขอนแก่น,กิจการขนาดใหญ่,2565,132,"725,637,190"
ภาคตะวันออกเฉียงเหนือ,ขอนแก่น,กิจการเฉพาะอย่าง,2565,337,"57,514,649"
ภาคตะวันออกเฉียงเหนือ,ขอนแก่น,บ้านอยู่อาศัย,2565,249152,"747,520,135"
ภาคตะวันออกเฉียงเหนือ,ขอนแก่น,บ้านอยู่อาศัย,2565,313826,"249,200,795"
ภาคตะวันออกเฉียงเหนือ,ขอนแก่น,สถานีอัดประจุไฟฟ้า,2565,-, - 
ภาคตะวันออกเฉียงเหนือ,ขอนแก่น,สูบน้ำเพื่อการเกษตร,2565,217,"6,955,359"
ภาคตะวันออกเฉียงเหนือ,ขอนแก่น,ส่วนราชการและองค์กรที่ไม่แสวงหากำไร,2565,10,"820,960"
ภาคตะวันออกเฉียงเหนือ,ขอนแก่น,ไฟชั่วคราว,2565,10783,"19,618,900"
ภาคตะวันออกเฉียงเหนือ,ขอนแก่น,ไฟที่สามารถงดจ่ายไฟฟ้าได้,2565,-, - 
ภาคตะวันออกเฉียงเหนือ,ขอนแก่น,ไฟสำรอง,2565,1,"1,771,200"
ภาคตะวันออกเฉียงเหนือ,ชัยภูมิ,กิจการขนาดกลาง,2565,790,"151,263,898"
ภาคตะวันออกเฉียงเหนือ,ชัยภูมิ,กิจการขนาดเล็ก,2565,25086,"151,484,977"
ภาคตะวันออกเฉียงเหนือ,ชัยภูมิ,กิจการขนาดใหญ่,2565,35,"142,815,551"
ภาคตะวันออกเฉียงเหนือ,ชัยภูมิ,กิจการเฉพาะอย่าง,2565,36,"3,834,729"
ภาคตะวันออกเฉียงเหนือ,ชัยภูมิ,บ้านอยู่อาศัย,2565,102120,"264,813,734"
ภาคตะวันออกเฉียงเหนือ,ชัยภูมิ,บ้านอยู่อาศัย,2565,227388,"170,145,413"
ภาคตะวันออกเฉียงเหนือ,ชัยภูมิ,สถานีอัดประจุไฟฟ้า,2565,3,29
ภาคตะวันออกเฉียงเหนือ,ชัยภูมิ,สูบน้ำเพื่อการเกษตร,2565,187,"4,465,200"
ภาคตะวันออกเฉียงเหนือ,ชัยภูมิ,ส่วนราชการและองค์กรที่ไม่แสวงหากำไร,2565,3,"101,189"
ภาคตะวันออกเฉียงเหนือ,ชัยภูมิ,ไฟชั่วคราว,2565,6259,"8,873,580"
ภาคตะวันออกเฉียงเหนือ,ชัยภูมิ,ไฟที่สามารถงดจ่ายไฟฟ้าได้,2565,-, - 
ภาคตะวันออกเฉียงเหนือ,ชัยภูมิ,ไฟสำรอง,2565,9,"6,137,700"
ภาคตะวันออกเฉียงเหนือ,นครพนม,กิจการขนาดกลาง,2565,456,"85,042,827"
ภาคตะวันออกเฉียงเหนือ,นครพนม,กิจการขนาดเล็ก,2565,13954,"92,560,374"
ภาคตะวันออกเฉียงเหนือ,นครพนม,กิจการขนาดใหญ่,2565,11,"29,756,360"
ภาคตะวันออกเฉียงเหนือ,นครพนม,กิจการเฉพาะอย่าง,2565,55,"8,137,126"
ภาคตะวันออกเฉียงเหนือ,นครพนม,บ้านอยู่อาศัย,2565,65393,"170,178,519"
ภาคตะวันออกเฉียงเหนือ,นครพนม,บ้านอยู่อาศัย,2565,154851,"111,308,622"
ภาคตะวันออกเฉียงเหนือ,นครพนม,สถานีอัดประจุไฟฟ้า,2565,-, - 
ภาคตะวันออกเฉียงเหนือ,นครพนม,สูบน้ำเพื่อการเกษตร,2565,181,"8,423,389"
ภาคตะวันออกเฉียงเหนือ,นครพนม,ส่วนราชการและองค์กรที่ไม่แสวงหากำไร,2565,4,"1,320"
ภาคตะวันออกเฉียงเหนือ,นครพนม,ไฟชั่วคราว,2565,3088,"4,429,682"
ภาคตะวันออกเฉียงเหนือ,นครพนม,ไฟที่สามารถงดจ่ายไฟฟ้าได้,2565,-, - 
ภาคตะวันออกเฉียงเหนือ,นครพนม,ไฟสำรอง,2565,-, - 
ภาคตะวันออกเฉียงเหนือ,นครราชสีมา,กิจการขนาดกลาง,2565,3175,"818,198,871"
ภาคตะวันออกเฉียงเหนือ,นครราชสีมา,กิจการขนาดเล็ก,2565,67549,"542,197,198"
ภาคตะวันออกเฉียงเหนือ,นครราชสีมา,กิจการขนาดใหญ่,2565,305,"3,140,135,077"
ภาคตะวันออกเฉียงเหนือ,นครราชสีมา,กิจการเฉพาะอย่าง,2565,505,"91,545,088"
ภาคตะวันออกเฉียงเหนือ,นครราชสีมา,บ้านอยู่อาศัย,2565,414829,"1,249,799,449"
ภาคตะวันออกเฉียงเหนือ,นครราชสีมา,บ้านอยู่อาศัย,2565,418060,"350,552,908"
ภาคตะวันออกเฉียงเหนือ,นครราชสีมา,สถานีอัดประจุไฟฟ้า,2565,9,"83,726"
ภาคตะวันออกเฉียงเหนือ,นครราชสีมา,สูบน้ำเพื่อการเกษตร,2565,167,"2,062,525"
ภาคตะวันออกเฉียงเหนือ,นครราชสีมา,ส่วนราชการและองค์กรที่ไม่แสวงหากำไร,2565,22,"2,165,151"
ภาคตะวันออกเฉียงเหนือ,นครราชสีมา,ไฟชั่วคราว,2565,21880,"55,791,649"
ภาคตะวันออกเฉียงเหนือ,นครราชสีมา,ไฟที่สามารถงดจ่ายไฟฟ้าได้,2565,-, - 
ภาคตะวันออกเฉียงเหนือ,นครราชสีมา,ไฟสำรอง,2565,12,"10,062,200"
ภาคตะวันออกเฉียงเหนือ,บึงกาฬ,กิจการขนาดกลาง,2565,227,"48,114,337"
ภาคตะวันออกเฉียงเหนือ,บึงกาฬ,กิจการขนาดเล็ก,2565,6355,"50,887,321"
ภาคตะวันออกเฉียงเหนือ,บึงกาฬ,กิจการขนาดใหญ่,2565,14,"79,204,322"
ภาคตะวันออกเฉียงเหนือ,บึงกาฬ,กิจการเฉพาะอย่าง,2565,18,"2,293,284"
ภาคตะวันออกเฉียงเหนือ,บึงกาฬ,บ้านอยู่อาศัย,2565,39604,"102,670,856"
ภาคตะวันออกเฉียงเหนือ,บึงกาฬ,บ้านอยู่อาศัย,2565,82947,"66,946,555"
ภาคตะวันออกเฉียงเหนือ,บึงกาฬ,สถานีอัดประจุไฟฟ้า,2565,-, - 
ภาคตะวันออกเฉียงเหนือ,บึงกาฬ,สูบน้ำเพื่อการเกษตร,2565,59,"1,725,165"
ภาคตะวันออกเฉียงเหนือ,บึงกาฬ,ส่วนราชการและองค์กรที่ไม่แสวงหากำไร,2565,6, - 
ภาคตะวันออกเฉียงเหนือ,บึงกาฬ,ไฟชั่วคราว,2565,4752,"4,261,568"
ภาคตะวันออกเฉียงเหนือ,บึงกาฬ,ไฟที่สามารถงดจ่ายไฟฟ้าได้,2565,-, - 
ภาคตะวันออกเฉียงเหนือ,บึงกาฬ,ไฟสำรอง,2565,-, - 
ภาคตะวันออกเฉียงเหนือ,บุรีรัมย์,กิจการขนาดกลาง,2565,1056,"246,617,921"
ภาคตะวันออกเฉียงเหนือ,บุรีรัมย์,กิจการขนาดเล็ก,2565,33259,"208,603,749"
ภาคตะวันออกเฉียงเหนือ,บุรีรัมย์,กิจการขนาดใหญ่,2565,54,"209,116,852"
ภาคตะวันออกเฉียงเหนือ,บุรีรัมย์,กิจการเฉพาะอย่าง,2565,104,"15,688,893"
ภาคตะวันออกเฉียงเหนือ,บุรีรัมย์,บ้านอยู่อาศัย,2565,144689,"395,330,719"
ภาคตะวันออกเฉียงเหนือ,บุรีรัมย์,บ้านอยู่อาศัย,2565,268234,"225,787,475"
ภาคตะวันออกเฉียงเหนือ,บุรีรัมย์,สถานีอัดประจุไฟฟ้า,2565,-, - 
ภาคตะวันออกเฉียงเหนือ,บุรีรัมย์,สูบน้ำเพื่อการเกษตร,2565,98,"1,795,201"
ภาคตะวันออกเฉียงเหนือ,บุรีรัมย์,ส่วนราชการและองค์กรที่ไม่แสวงหากำไร,2565,2,4
ภาคตะวันออกเฉียงเหนือ,บุรีรัมย์,ไฟชั่วคราว,2565,7670,"9,847,537"
ภาคตะวันออกเฉียงเหนือ,บุรีรัมย์,ไฟที่สามารถงดจ่ายไฟฟ้าได้,2565,-, - 
ภาคตะวันออกเฉียงเหนือ,บุรีรัมย์,ไฟสำรอง,2565,1,"224,210"
ภาคตะวันออกเฉียงเหนือ,มหาสารคาม,กิจการขนาดกลาง,2565,611,"133,771,663"
ภาคตะวันออกเฉียงเหนือ,มหาสารคาม,กิจการขนาดเล็ก,2565,26069,"165,116,740"
ภาคตะวันออกเฉียงเหนือ,มหาสารคาม,กิจการขนาดใหญ่,2565,43,"131,636,659"
ภาคตะวันออกเฉียงเหนือ,มหาสารคาม,กิจการเฉพาะอย่าง,2565,139,"17,188,351"
ภาคตะวันออกเฉียงเหนือ,มหาสารคาม,บ้านอยู่อาศัย,2565,94431,"249,413,436"
ภาคตะวันออกเฉียงเหนือ,มหาสารคาม,บ้านอยู่อาศัย,2565,196425,"150,165,885"
ภาคตะวันออกเฉียงเหนือ,มหาสารคาม,สถานีอัดประจุไฟฟ้า,2565,-, - 
ภาคตะวันออกเฉียงเหนือ,มหาสารคาม,สูบน้ำเพื่อการเกษตร,2565,117,"8,842,431"
ภาคตะวันออกเฉียงเหนือ,มหาสารคาม,ส่วนราชการและองค์กรที่ไม่แสวงหากำไร,2565,4,"91,981"
ภาคตะวันออกเฉียงเหนือ,มหาสารคาม,ไฟชั่วคราว,2565,5869,"6,649,283"
ภาคตะวันออกเฉียงเหนือ,มหาสารคาม,ไฟที่สามารถงดจ่ายไฟฟ้าได้,2565,-, - 
ภาคตะวันออกเฉียงเหนือ,มหาสารคาม,ไฟสำรอง,2565,-, - 
ภาคตะวันออกเฉียงเหนือ,มุกดาหาร,กิจการขนาดกลาง,2565,266,"49,364,729"
ภาคตะวันออกเฉียงเหนือ,มุกดาหาร,กิจการขนาดเล็ก,2565,9798,"61,640,642"
ภาคตะวันออกเฉียงเหนือ,มุกดาหาร,กิจการขนาดใหญ่,2565,17,"85,197,209"
ภาคตะวันออกเฉียงเหนือ,มุกดาหาร,กิจการเฉพาะอย่าง,2565,33,"6,317,583"
ภาคตะวันออกเฉียงเหนือ,มุกดาหาร,บ้านอยู่อาศัย,2565,33086,"85,275,520"
ภาคตะวันออกเฉียงเหนือ,มุกดาหาร,บ้านอยู่อาศัย,2565,65609,"49,468,784"
ภาคตะวันออกเฉียงเหนือ,มุกดาหาร,สถานีอัดประจุไฟฟ้า,2565,-, - 
ภาคตะวันออกเฉียงเหนือ,มุกดาหาร,สูบน้ำเพื่อการเกษตร,2565,89,"1,608,139"
ภาคตะวันออกเฉียงเหนือ,มุกดาหาร,ส่วนราชการและองค์กรที่ไม่แสวงหากำไร,2565,3,757
ภาคตะวันออกเฉียงเหนือ,มุกดาหาร,ไฟชั่วคราว,2565,4102,"4,050,365"
ภาคตะวันออกเฉียงเหนือ,มุกดาหาร,ไฟที่สามารถงดจ่ายไฟฟ้าได้,2565,-, - 
ภาคตะวันออกเฉียงเหนือ,มุกดาหาร,ไฟสำรอง,2565,1,"536,400"
ภาคตะวันออกเฉียงเหนือ,ยโสธร,กิจการขนาดกลาง,2565,363,"80,513,506"
ภาคตะวันออกเฉียงเหนือ,ยโสธร,กิจการขนาดเล็ก,2565,10885,"73,654,960"
ภาคตะวันออกเฉียงเหนือ,ยโสธร,กิจการขนาดใหญ่,2565,16,"27,448,897"
ภาคตะวันออกเฉียงเหนือ,ยโสธร,กิจการเฉพาะอย่าง,2565,13,"2,366,026"
ภาคตะวันออกเฉียงเหนือ,ยโสธร,บ้านอยู่อาศัย,2565,50417,"125,671,837"
ภาคตะวันออกเฉียงเหนือ,ยโสธร,บ้านอยู่อาศัย,2565,117525,"83,953,181"
ภาคตะวันออกเฉียงเหนือ,ยโสธร,สถานีอัดประจุไฟฟ้า,2565,-, - 
ภาคตะวันออกเฉียงเหนือ,ยโสธร,สูบน้ำเพื่อการเกษตร,2565,113,"6,386,551"
ภาคตะวันออกเฉียงเหนือ,ยโสธร,ส่วนราชการและองค์กรที่ไม่แสวงหากำไร,2565,4,"41,608"
ภาคตะวันออกเฉียงเหนือ,ยโสธร,ไฟชั่วคราว,2565,3735,"3,815,276"
ภาคตะวันออกเฉียงเหนือ,ยโสธร,ไฟที่สามารถงดจ่ายไฟฟ้าได้,2565,-, - 
ภาคตะวันออกเฉียงเหนือ,ยโสธร,ไฟสำรอง,2565,-, - 
ภาคตะวันออกเฉียงเหนือ,ร้อยเอ็ด,กิจการขนาดกลาง,2565,719,"161,256,185"
ภาคตะวันออกเฉียงเหนือ,ร้อยเอ็ด,กิจการขนาดเล็ก,2565,33946,"198,847,409"
ภาคตะวันออกเฉียงเหนือ,ร้อยเอ็ด,กิจการขนาดใหญ่,2565,36,"109,874,958"
ภาคตะวันออกเฉียงเหนือ,ร้อยเอ็ด,กิจการเฉพาะอย่าง,2565,55,"8,156,646"
ภาคตะวันออกเฉียงเหนือ,ร้อยเอ็ด,บ้านอยู่อาศัย,2565,122661,"323,242,077"
ภาคตะวันออกเฉียงเหนือ,ร้อยเอ็ด,บ้านอยู่อาศัย,2565,256621,"196,041,682"
ภาคตะวันออกเฉียงเหนือ,ร้อยเอ็ด,สถานีอัดประจุไฟฟ้า,2565,-, - 
ภาคตะวันออกเฉียงเหนือ,ร้อยเอ็ด,สูบน้ำเพื่อการเกษตร,2565,234,"19,798,716"
ภาคตะวันออกเฉียงเหนือ,ร้อยเอ็ด,ส่วนราชการและองค์กรที่ไม่แสวงหากำไร,2565,1,"37,904"
ภาคตะวันออกเฉียงเหนือ,ร้อยเอ็ด,ไฟชั่วคราว,2565,5613,"5,894,663"
ภาคตะวันออกเฉียงเหนือ,ร้อยเอ็ด,ไฟที่สามารถงดจ่ายไฟฟ้าได้,2565,-, - 
ภาคตะวันออกเฉียงเหนือ,ร้อยเอ็ด,ไฟสำรอง,2565,2,"275,760"
ภาคตะวันออกเฉียงเหนือ,ศรีสะเกษ,กิจการขนาดกลาง,2565,698,"139,203,313"
ภาคตะวันออกเฉียงเหนือ,ศรีสะเกษ,กิจการขนาดเล็ก,2565,33155,"192,649,168"
ภาคตะวันออกเฉียงเหนือ,ศรีสะเกษ,กิจการขนาดใหญ่,2565,29,"92,980,409"
ภาคตะวันออกเฉียงเหนือ,ศรีสะเกษ,กิจการเฉพาะอย่าง,2565,39,"5,346,808"
ภาคตะวันออกเฉียงเหนือ,ศรีสะเกษ,บ้านอยู่อาศัย,2565,108023,"282,027,598"
ภาคตะวันออกเฉียงเหนือ,ศรีสะเกษ,บ้านอยู่อาศัย,2565,355461,"249,225,053"
ภาคตะวันออกเฉียงเหนือ,ศรีสะเกษ,สถานีอัดประจุไฟฟ้า,2565,-, - 
ภาคตะวันออกเฉียงเหนือ,ศรีสะเกษ,สูบน้ำเพื่อการเกษตร,2565,126,"2,750,694"
ภาคตะวันออกเฉียงเหนือ,ศรีสะเกษ,ส่วนราชการและองค์กรที่ไม่แสวงหากำไร,2565,2,"33,083"
ภาคตะวันออกเฉียงเหนือ,ศรีสะเกษ,ไฟชั่วคราว,2565,4622,"7,169,442"
ภาคตะวันออกเฉียงเหนือ,ศรีสะเกษ,ไฟที่สามารถงดจ่ายไฟฟ้าได้,2565,-, - 
ภาคตะวันออกเฉียงเหนือ,ศรีสะเกษ,ไฟสำรอง,2565,-, - 
ภาคตะวันออกเฉียงเหนือ,สกลนคร,กิจการขนาดกลาง,2565,681,"136,463,507"
ภาคตะวันออกเฉียงเหนือ,สกลนคร,กิจการขนาดเล็ก,2565,22251,"146,957,075"
ภาคตะวันออกเฉียงเหนือ,สกลนคร,กิจการขนาดใหญ่,2565,27,"87,136,556"
ภาคตะวันออกเฉียงเหนือ,สกลนคร,กิจการเฉพาะอย่าง,2565,61,"6,414,805"
ภาคตะวันออกเฉียงเหนือ,สกลนคร,บ้านอยู่อาศัย,2565,105658,"272,663,953"
ภาคตะวันออกเฉียงเหนือ,สกลนคร,บ้านอยู่อาศัย,2565,245280,"175,495,803"
ภาคตะวันออกเฉียงเหนือ,สกลนคร,สถานีอัดประจุไฟฟ้า,2565,-, - 
ภาคตะวันออกเฉียงเหนือ,สกลนคร,สูบน้ำเพื่อการเกษตร,2565,106,"4,336,778"
ภาคตะวันออกเฉียงเหนือ,สกลนคร,ส่วนราชการและองค์กรที่ไม่แสวงหากำไร,2565,7,"19,728"
ภาคตะวันออกเฉียงเหนือ,สกลนคร,ไฟชั่วคราว,2565,7301,"6,492,536"
ภาคตะวันออกเฉียงเหนือ,สกลนคร,ไฟที่สามารถงดจ่ายไฟฟ้าได้,2565,-, - 
ภาคตะวันออกเฉียงเหนือ,สกลนคร,ไฟสำรอง,2565,-, - 
ภาคตะวันออกเฉียงเหนือ,สุรินทร์,กิจการขนาดกลาง,2565,746,"178,204,473"
ภาคตะวันออกเฉียงเหนือ,สุรินทร์,กิจการขนาดเล็ก,2565,24892,"176,621,882"
ภาคตะวันออกเฉียงเหนือ,สุรินทร์,กิจการขนาดใหญ่,2565,42,"117,483,191"
ภาคตะวันออกเฉียงเหนือ,สุรินทร์,กิจการเฉพาะอย่าง,2565,50,"7,180,152"
ภาคตะวันออกเฉียงเหนือ,สุรินทร์,บ้านอยู่อาศัย,2565,117375,"310,556,379"
ภาคตะวันออกเฉียงเหนือ,สุรินทร์,บ้านอยู่อาศัย,2565,240582,"196,999,041"
ภาคตะวันออกเฉียงเหนือ,สุรินทร์,สถานีอัดประจุไฟฟ้า,2565,-, - 
ภาคตะวันออกเฉียงเหนือ,สุรินทร์,สูบน้ำเพื่อการเกษตร,2565,98,"3,315,506"
ภาคตะวันออกเฉียงเหนือ,สุรินทร์,ส่วนราชการและองค์กรที่ไม่แสวงหากำไร,2565,4,"173,853"
ภาคตะวันออกเฉียงเหนือ,สุรินทร์,ไฟชั่วคราว,2565,6262,"7,338,824"
ภาคตะวันออกเฉียงเหนือ,สุรินทร์,ไฟที่สามารถงดจ่ายไฟฟ้าได้,2565,-, - 
ภาคตะวันออกเฉียงเหนือ,สุรินทร์,ไฟสำรอง,2565,1,"2,234,160"
ภาคตะวันออกเฉียงเหนือ,หนองคาย,กิจการขนาดกลาง,2565,427,"85,170,017"
ภาคตะวันออกเฉียงเหนือ,หนองคาย,กิจการขนาดเล็ก,2565,8678,"73,771,129"
ภาคตะวันออกเฉียงเหนือ,หนองคาย,กิจการขนาดใหญ่,2565,25,"59,261,414"
ภาคตะวันออกเฉียงเหนือ,หนองคาย,กิจการเฉพาะอย่าง,2565,55,"6,840,361"
ภาคตะวันออกเฉียงเหนือ,หนองคาย,บ้านอยู่อาศัย,2565,66920,"195,678,084"
ภาคตะวันออกเฉียงเหนือ,หนองคาย,บ้านอยู่อาศัย,2565,91863,"74,319,255"
ภาคตะวันออกเฉียงเหนือ,หนองคาย,สถานีอัดประจุไฟฟ้า,2565,-, - 
ภาคตะวันออกเฉียงเหนือ,หนองคาย,สูบน้ำเพื่อการเกษตร,2565,136,"8,881,906"
ภาคตะวันออกเฉียงเหนือ,หนองคาย,ส่วนราชการและองค์กรที่ไม่แสวงหากำไร,2565,6,"94,412"
ภาคตะวันออกเฉียงเหนือ,หนองคาย,ไฟชั่วคราว,2565,3754,"4,358,041"
ภาคตะวันออกเฉียงเหนือ,หนองคาย,ไฟที่สามารถงดจ่ายไฟฟ้าได้,2565,-, - 
ภาคตะวันออกเฉียงเหนือ,หนองคาย,ไฟสำรอง,2565,-, - 
ภาคตะวันออกเฉียงเหนือ,หนองบัวลำภู,กิจการขนาดกลาง,2565,286,"61,372,537"
ภาคตะวันออกเฉียงเหนือ,หนองบัวลำภู,กิจการขนาดเล็ก,2565,11364,"65,826,090"
ภาคตะวันออกเฉียงเหนือ,หนองบัวลำภู,กิจการขนาดใหญ่,2565,15,"26,921,049"
ภาคตะวันออกเฉียงเหนือ,หนองบัวลำภู,กิจการเฉพาะอย่าง,2565,6,"744,939"
ภาคตะวันออกเฉียงเหนือ,หนองบัวลำภู,บ้านอยู่อาศัย,2565,39576,"101,878,199"
ภาคตะวันออกเฉียงเหนือ,หนองบัวลำภู,บ้านอยู่อาศัย,2565,101659,"76,160,965"
ภาคตะวันออกเฉียงเหนือ,หนองบัวลำภู,สถานีอัดประจุไฟฟ้า,2565,1, - 
ภาคตะวันออกเฉียงเหนือ,หนองบัวลำภู,สูบน้ำเพื่อการเกษตร,2565,64,"3,232,188"
ภาคตะวันออกเฉียงเหนือ,หนองบัวลำภู,ส่วนราชการและองค์กรที่ไม่แสวงหากำไร,2565,-, - 
ภาคตะวันออกเฉียงเหนือ,หนองบัวลำภู,ไฟชั่วคราว,2565,4693,"3,925,455"
ภาคตะวันออกเฉียงเหนือ,หนองบัวลำภู,ไฟที่สามารถงดจ่ายไฟฟ้าได้,2565,-, - 
ภาคตะวันออกเฉียงเหนือ,หนองบัวลำภู,ไฟสำรอง,2565,-, - 
ภาคตะวันออกเฉียงเหนือ,อำนาจเจริญ,กิจการขนาดกลาง,2565,253,"49,359,817"
ภาคตะวันออกเฉียงเหนือ,อำนาจเจริญ,กิจการขนาดเล็ก,2565,9657,"56,006,334"
ภาคตะวันออกเฉียงเหนือ,อำนาจเจริญ,กิจการขนาดใหญ่,2565,9,"35,195,726"
ภาคตะวันออกเฉียงเหนือ,อำนาจเจริญ,กิจการเฉพาะอย่าง,2565,10,"1,009,579"
ภาคตะวันออกเฉียงเหนือ,อำนาจเจริญ,บ้านอยู่อาศัย,2565,28795,"71,112,343"
ภาคตะวันออกเฉียงเหนือ,อำนาจเจริญ,บ้านอยู่อาศัย,2565,78235,"56,857,201"
ภาคตะวันออกเฉียงเหนือ,อำนาจเจริญ,สถานีอัดประจุไฟฟ้า,2565,-, - 
ภาคตะวันออกเฉียงเหนือ,อำนาจเจริญ,สูบน้ำเพื่อการเกษตร,2565,78,"1,426,185"
ภาคตะวันออกเฉียงเหนือ,อำนาจเจริญ,ส่วนราชการและองค์กรที่ไม่แสวงหากำไร,2565,1,"18,345"
ภาคตะวันออกเฉียงเหนือ,อำนาจเจริญ,ไฟชั่วคราว,2565,3007,"2,685,661"
ภาคตะวันออกเฉียงเหนือ,อำนาจเจริญ,ไฟที่สามารถงดจ่ายไฟฟ้าได้,2565,-, - 
ภาคตะวันออกเฉียงเหนือ,อำนาจเจริญ,ไฟสำรอง,2565,-, - 
ภาคตะวันออกเฉียงเหนือ,อุดรธานี,กิจการขนาดกลาง,2565,1371,"277,044,618"
ภาคตะวันออกเฉียงเหนือ,อุดรธานี,กิจการขนาดเล็ก,2565,36043,"264,613,964"
ภาคตะวันออกเฉียงเหนือ,อุดรธานี,กิจการขนาดใหญ่,2565,73,"267,745,765"
ภาคตะวันออกเฉียงเหนือ,อุดรธานี,กิจการเฉพาะอย่าง,2565,141,"28,866,051"
ภาคตะวันออกเฉียงเหนือ,อุดรธานี,บ้านอยู่อาศัย,2565,191161,"553,582,172"
ภาคตะวันออกเฉียงเหนือ,อุดรธานี,บ้านอยู่อาศัย,2565,269350,"214,767,583"
ภาคตะวันออกเฉียงเหนือ,อุดรธานี,สถานีอัดประจุไฟฟ้า,2565,-, - 
ภาคตะวันออกเฉียงเหนือ,อุดรธานี,สูบน้ำเพื่อการเกษตร,2565,70,"1,437,706"
ภาคตะวันออกเฉียงเหนือ,อุดรธานี,ส่วนราชการและองค์กรที่ไม่แสวงหากำไร,2565,8,"421,501"
ภาคตะวันออกเฉียงเหนือ,อุดรธานี,ไฟชั่วคราว,2565,12158,"13,669,694"
ภาคตะวันออกเฉียงเหนือ,อุดรธานี,ไฟที่สามารถงดจ่ายไฟฟ้าได้,2565,-, - 
ภาคตะวันออกเฉียงเหนือ,อุดรธานี,ไฟสำรอง,2565,-, - 
ภาคตะวันออกเฉียงเหนือ,อุบลราชธานี,กิจการขนาดกลาง,2565,1192,"274,852,235"
ภาคตะวันออกเฉียงเหนือ,อุบลราชธานี,กิจการขนาดเล็ก,2565,40744,"302,005,974"
ภาคตะวันออกเฉียงเหนือ,อุบลราชธานี,กิจการขนาดใหญ่,2565,74,"286,892,885"
ภาคตะวันออกเฉียงเหนือ,อุบลราชธานี,กิจการเฉพาะอย่าง,2565,134,"30,879,002"
ภาคตะวันออกเฉียงเหนือ,อุบลราชธานี,บ้านอยู่อาศัย,2565,182210,"510,258,247"
ภาคตะวันออกเฉียงเหนือ,อุบลราชธานี,บ้านอยู่อาศัย,2565,402857,"281,381,716"
ภาคตะวันออกเฉียงเหนือ,อุบลราชธานี,สถานีอัดประจุไฟฟ้า,2565,-, - 
ภาคตะวันออกเฉียงเหนือ,อุบลราชธานี,สูบน้ำเพื่อการเกษตร,2565,234,"12,362,120"
ภาคตะวันออกเฉียงเหนือ,อุบลราชธานี,ส่วนราชการและองค์กรที่ไม่แสวงหากำไร,2565,12,"616,938"
ภาคตะวันออกเฉียงเหนือ,อุบลราชธานี,ไฟชั่วคราว,2565,10758,"12,776,243"
ภาคตะวันออกเฉียงเหนือ,อุบลราชธานี,ไฟที่สามารถงดจ่ายไฟฟ้าได้,2565,-, - 
ภาคตะวันออกเฉียงเหนือ,อุบลราชธานี,ไฟสำรอง,2565,-, - 
ภาคตะวันออกเฉียงเหนือ,เลย,กิจการขนาดกลาง,2565,468,"85,280,187"
ภาคตะวันออกเฉียงเหนือ,เลย,กิจการขนาดเล็ก,2565,16826,"107,413,841"
ภาคตะวันออกเฉียงเหนือ,เลย,กิจการขนาดใหญ่,2565,29,"91,502,092"
ภาคตะวันออกเฉียงเหนือ,เลย,กิจการเฉพาะอย่าง,2565,65,"6,850,200"
ภาคตะวันออกเฉียงเหนือ,เลย,บ้านอยู่อาศัย,2565,64412,"169,013,331"
ภาคตะวันออกเฉียงเหนือ,เลย,บ้านอยู่อาศัย,2565,123017,"96,564,877"
ภาคตะวันออกเฉียงเหนือ,เลย,สถานีอัดประจุไฟฟ้า,2565,-, - 
ภาคตะวันออกเฉียงเหนือ,เลย,สูบน้ำเพื่อการเกษตร,2565,84,"1,802,687"
ภาคตะวันออกเฉียงเหนือ,เลย,ส่วนราชการและองค์กรที่ไม่แสวงหากำไร,2565,1,"5,161"
ภาคตะวันออกเฉียงเหนือ,เลย,ไฟชั่วคราว,2565,5571,"5,583,124"
ภาคตะวันออกเฉียงเหนือ,เลย,ไฟที่สามารถงดจ่ายไฟฟ้าได้,2565,-, - 
ภาคตะวันออกเฉียงเหนือ,เลย,ไฟสำรอง,2565,1,"229,200"
ภาคเหนือ,กำแพงเพชร,กิจการขนาดกลาง,2565,696,"137,527,585"
ภาคเหนือ,กำแพงเพชร,กิจการขนาดเล็ก,2565,22519,"157,173,622"
ภาคเหนือ,กำแพงเพชร,กิจการขนาดใหญ่,2565,49,"359,288,155"
ภาคเหนือ,กำแพงเพชร,กิจการเฉพาะอย่าง,2565,36,"4,658,169"
ภาคเหนือ,กำแพงเพชร,บ้านอยู่อาศัย,2565,100272,"303,327,098"
ภาคเหนือ,กำแพงเพชร,บ้านอยู่อาศัย,2565,108348,"93,506,756"
ภาคเหนือ,กำแพงเพชร,สถานีอัดประจุไฟฟ้า,2565,-, - 
ภาคเหนือ,กำแพงเพชร,สูบน้ำเพื่อการเกษตร,2565,67,"10,223,751"
ภาคเหนือ,กำแพงเพชร,ส่วนราชการและองค์กรที่ไม่แสวงหากำไร,2565,2,"5,514"
ภาคเหนือ,กำแพงเพชร,ไฟชั่วคราว,2565,3283,"4,915,484"
ภาคเหนือ,กำแพงเพชร,ไฟที่สามารถงดจ่ายไฟฟ้าได้,2565,-, - 
ภาคเหนือ,กำแพงเพชร,ไฟสำรอง,2565,-, - 
ภาคเหนือ,ตาก,กิจการขนาดกลาง,2565,667,"134,653,379"
ภาคเหนือ,ตาก,กิจการขนาดเล็ก,2565,13909,"116,929,870"
ภาคเหนือ,ตาก,กิจการขนาดใหญ่,2565,34,"223,623,973"
ภาคเหนือ,ตาก,กิจการเฉพาะอย่าง,2565,55,"9,113,590"
ภาคเหนือ,ตาก,บ้านอยู่อาศัย,2565,66795,"205,003,030"
ภาคเหนือ,ตาก,บ้านอยู่อาศัย,2565,87107,"68,913,599"
ภาคเหนือ,ตาก,สถานีอัดประจุไฟฟ้า,2565,-, - 
ภาคเหนือ,ตาก,สูบน้ำเพื่อการเกษตร,2565,46,"2,167,454"
ภาคเหนือ,ตาก,ส่วนราชการและองค์กรที่ไม่แสวงหากำไร,2565,6,"66,764"
ภาคเหนือ,ตาก,ไฟชั่วคราว,2565,4937,"7,810,183"
ภาคเหนือ,ตาก,ไฟที่สามารถงดจ่ายไฟฟ้าได้,2565,-, - 
ภาคเหนือ,ตาก,ไฟสำรอง,2565,-, - 
ภาคเหนือ,นครสวรรค์,กิจการขนาดกลาง,2565,1329,"312,987,216"
ภาคเหนือ,นครสวรรค์,กิจการขนาดเล็ก,2565,24584,"207,188,267"
ภาคเหนือ,นครสวรรค์,กิจการขนาดใหญ่,2565,76,"334,212,561"
ภาคเหนือ,นครสวรรค์,กิจการเฉพาะอย่าง,2565,87,"13,431,362"
ภาคเหนือ,นครสวรรค์,บ้านอยู่อาศัย,2565,173351,"551,036,788"
ภาคเหนือ,นครสวรรค์,บ้านอยู่อาศัย,2565,163057,"135,218,520"
ภาคเหนือ,นครสวรรค์,สถานีอัดประจุไฟฟ้า,2565,-, - 
ภาคเหนือ,นครสวรรค์,สูบน้ำเพื่อการเกษตร,2565,110,"17,293,516"
ภาคเหนือ,นครสวรรค์,ส่วนราชการและองค์กรที่ไม่แสวงหากำไร,2565,6,"819,522"
ภาคเหนือ,นครสวรรค์,ไฟชั่วคราว,2565,7180,"10,858,530"
ภาคเหนือ,นครสวรรค์,ไฟที่สามารถงดจ่ายไฟฟ้าได้,2565,-, - 
ภาคเหนือ,นครสวรรค์,ไฟสำรอง,2565,1,"879,300"
ภาคเหนือ,น่าน,กิจการขนาดกลาง,2565,354,"57,779,606"
ภาคเหนือ,น่าน,กิจการขนาดเล็ก,2565,13936,"84,997,930"
ภาคเหนือ,น่าน,กิจการขนาดใหญ่,2565,6,"17,121,488"
ภาคเหนือ,น่าน,กิจการเฉพาะอย่าง,2565,61,"5,734,834"
ภาคเหนือ,น่าน,บ้านอยู่อาศัย,2565,45360,"114,677,699"
ภาคเหนือ,น่าน,บ้านอยู่อาศัย,2565,111723,"77,922,924"
ภาคเหนือ,น่าน,สถานีอัดประจุไฟฟ้า,2565,-, - 
ภาคเหนือ,น่าน,สูบน้ำเพื่อการเกษตร,2565,70,"2,507,604"
ภาคเหนือ,น่าน,ส่วนราชการและองค์กรที่ไม่แสวงหากำไร,2565,-, - 
ภาคเหนือ,น่าน,ไฟชั่วคราว,2565,5071,"4,335,716"
ภาคเหนือ,น่าน,ไฟที่สามารถงดจ่ายไฟฟ้าได้,2565,-, - 
ภาคเหนือ,น่าน,ไฟสำรอง,2565,-, - 
ภาคเหนือ,พะเยา,กิจการขนาดกลาง,2565,389,"67,371,287"
ภาคเหนือ,พะเยา,กิจการขนาดเล็ก,2565,14546,"87,096,351"
ภาคเหนือ,พะเยา,กิจการขนาดใหญ่,2565,15,"43,105,497"
ภาคเหนือ,พะเยา,กิจการเฉพาะอย่าง,2565,47,"7,075,344"
ภาคเหนือ,พะเยา,บ้านอยู่อาศัย,2565,50754,"121,663,526"
ภาคเหนือ,พะเยา,บ้านอยู่อาศัย,2565,113548,"80,748,456"
ภาคเหนือ,พะเยา,สถานีอัดประจุไฟฟ้า,2565,-, - 
ภาคเหนือ,พะเยา,สูบน้ำเพื่อการเกษตร,2565,55,"1,091,581"
ภาคเหนือ,พะเยา,ส่วนราชการและองค์กรที่ไม่แสวงหากำไร,2565,3,"97,097"
ภาคเหนือ,พะเยา,ไฟชั่วคราว,2565,2920,"3,162,128"
ภาคเหนือ,พะเยา,ไฟที่สามารถงดจ่ายไฟฟ้าได้,2565,-, - 
ภาคเหนือ,พะเยา,ไฟสำรอง,2565,-, - 
ภาคเหนือ,พิจิตร,กิจการขนาดกลาง,2565,499,"93,853,525"
ภาคเหนือ,พิจิตร,กิจการขนาดเล็ก,2565,17298,"112,784,761"
ภาคเหนือ,พิจิตร,กิจการขนาดใหญ่,2565,38,"123,684,899"
ภาคเหนือ,พิจิตร,กิจการเฉพาะอย่าง,2565,21,"2,750,847"
ภาคเหนือ,พิจิตร,บ้านอยู่อาศัย,2565,90482,"269,162,033"
ภาคเหนือ,พิจิตร,บ้านอยู่อาศัย,2565,84313,"71,467,744"
ภาคเหนือ,พิจิตร,สถานีอัดประจุไฟฟ้า,2565,-, - 
ภาคเหนือ,พิจิตร,สูบน้ำเพื่อการเกษตร,2565,101,"21,538,537"
ภาคเหนือ,พิจิตร,ส่วนราชการและองค์กรที่ไม่แสวงหากำไร,2565,5,"132,660"
ภาคเหนือ,พิจิตร,ไฟชั่วคราว,2565,2344,"3,222,322"
ภาคเหนือ,พิจิตร,ไฟที่สามารถงดจ่ายไฟฟ้าได้,2565,-, - 
ภาคเหนือ,พิจิตร,ไฟสำรอง,2565,2,"754,100"
ภาคเหนือ,พิษณุโลก,กิจการขนาดกลาง,2565,1018,"235,888,799"
ภาคเหนือ,พิษณุโลก,กิจการขนาดเล็ก,2565,33338,"269,567,956"
ภาคเหนือ,พิษณุโลก,กิจการขนาดใหญ่,2565,60,"274,609,419"
ภาคเหนือ,พิษณุโลก,กิจการเฉพาะอย่าง,2565,198,"30,118,392"
ภาคเหนือ,พิษณุโลก,บ้านอยู่อาศัย,2565,149844,"489,006,866"
ภาคเหนือ,พิษณุโลก,บ้านอยู่อาศัย,2565,122468,"100,007,863"
ภาคเหนือ,พิษณุโลก,สถานีอัดประจุไฟฟ้า,2565,-, - 
ภาคเหนือ,พิษณุโลก,สูบน้ำเพื่อการเกษตร,2565,155,"18,199,960"
ภาคเหนือ,พิษณุโลก,ส่วนราชการและองค์กรที่ไม่แสวงหากำไร,2565,19,"764,124"
ภาคเหนือ,พิษณุโลก,ไฟชั่วคราว,2565,4648,"7,474,673"
ภาคเหนือ,พิษณุโลก,ไฟที่สามารถงดจ่ายไฟฟ้าได้,2565,-, - 
ภาคเหนือ,พิษณุโลก,ไฟสำรอง,2565,-, - 
ภาคเหนือ,ลำปาง,กิจการขนาดกลาง,2565,806,"187,198,426"
ภาคเหนือ,ลำปาง,กิจการขนาดเล็ก,2565,25067,"170,577,579"
ภาคเหนือ,ลำปาง,กิจการขนาดใหญ่,2565,31,"304,287,739"
ภาคเหนือ,ลำปาง,กิจการเฉพาะอย่าง,2565,62,"8,400,496"
ภาคเหนือ,ลำปาง,บ้านอยู่อาศัย,2565,97285,"257,347,164"
ภาคเหนือ,ลำปาง,บ้านอยู่อาศัย,2565,169500,"116,018,532"
ภาคเหนือ,ลำปาง,สถานีอัดประจุไฟฟ้า,2565,3,"45,753"
ภาคเหนือ,ลำปาง,สูบน้ำเพื่อการเกษตร,2565,106,"4,064,169"
ภาคเหนือ,ลำปาง,ส่วนราชการและองค์กรที่ไม่แสวงหากำไร,2565,7,"257,737"
ภาคเหนือ,ลำปาง,ไฟชั่วคราว,2565,4352,"5,365,770"
ภาคเหนือ,ลำปาง,ไฟที่สามารถงดจ่ายไฟฟ้าได้,2565,-, - 
ภาคเหนือ,ลำปาง,ไฟสำรอง,2565,-, - 
ภาคเหนือ,ลำพูน,กิจการขนาดกลาง,2565,691,"180,634,975"
ภาคเหนือ,ลำพูน,กิจการขนาดเล็ก,2565,19295,"131,390,477"
ภาคเหนือ,ลำพูน,กิจการขนาดใหญ่,2565,89,"775,646,217"
ภาคเหนือ,ลำพูน,กิจการเฉพาะอย่าง,2565,65,"10,776,471"
ภาคเหนือ,ลำพูน,บ้านอยู่อาศัย,2565,75183,"199,335,095"
ภาคเหนือ,ลำพูน,บ้านอยู่อาศัย,2565,107773,"67,853,139"
ภาคเหนือ,ลำพูน,สถานีอัดประจุไฟฟ้า,2565,-, - 
ภาคเหนือ,ลำพูน,สูบน้ำเพื่อการเกษตร,2565,156,"2,244,066"
ภาคเหนือ,ลำพูน,ส่วนราชการและองค์กรที่ไม่แสวงหากำไร,2565,5,"175,721"
ภาคเหนือ,ลำพูน,ไฟชั่วคราว,2565,1537,"4,083,874"
ภาคเหนือ,ลำพูน,ไฟที่สามารถงดจ่ายไฟฟ้าได้,2565,-, - 
ภาคเหนือ,ลำพูน,ไฟสำรอง,2565,-, - 
ภาคเหนือ,สุโขทัย,กิจการขนาดกลาง,2565,511,"92,613,170"
ภาคเหนือ,สุโขทัย,กิจการขนาดเล็ก,2565,19109,"121,100,968"
ภาคเหนือ,สุโขทัย,กิจการขนาดใหญ่,2565,21,"32,254,372"
ภาคเหนือ,สุโขทัย,กิจการเฉพาะอย่าง,2565,40,"4,646,857"
ภาคเหนือ,สุโขทัย,บ้านอยู่อาศัย,2565,80887,"231,907,465"
ภาคเหนือ,สุโขทัย,บ้านอยู่อาศัย,2565,109077,"92,754,427"
ภาคเหนือ,สุโขทัย,สถานีอัดประจุไฟฟ้า,2565,-, - 
ภาคเหนือ,สุโขทัย,สูบน้ำเพื่อการเกษตร,2565,324,"9,189,060"
ภาคเหนือ,สุโขทัย,ส่วนราชการและองค์กรที่ไม่แสวงหากำไร,2565,11,"32,143"
ภาคเหนือ,สุโขทัย,ไฟชั่วคราว,2565,2842,"3,705,097"
ภาคเหนือ,สุโขทัย,ไฟที่สามารถงดจ่ายไฟฟ้าได้,2565,-, - 
ภาคเหนือ,สุโขทัย,ไฟสำรอง,2565,-, - 
ภาคเหนือ,อุตรดิตถ์,กิจการขนาดกลาง,2565,452,"95,993,165"
ภาคเหนือ,อุตรดิตถ์,กิจการขนาดเล็ก,2565,12461,"90,076,517"
ภาคเหนือ,อุตรดิตถ์,กิจการขนาดใหญ่,2565,17,"34,485,597"
ภาคเหนือ,อุตรดิตถ์,กิจการเฉพาะอย่าง,2565,30,"3,705,704"
ภาคเหนือ,อุตรดิตถ์,บ้านอยู่อาศัย,2565,62706,"189,224,670"
ภาคเหนือ,อุตรดิตถ์,บ้านอยู่อาศัย,2565,91086,"70,213,862"
ภาคเหนือ,อุตรดิตถ์,สถานีอัดประจุไฟฟ้า,2565,-, - 
ภาคเหนือ,อุตรดิตถ์,สูบน้ำเพื่อการเกษตร,2565,147,"47,288,218"
ภาคเหนือ,อุตรดิตถ์,ส่วนราชการและองค์กรที่ไม่แสวงหากำไร,2565,2,"1,548"
ภาคเหนือ,อุตรดิตถ์,ไฟชั่วคราว,2565,2250,"3,092,236"
ภาคเหนือ,อุตรดิตถ์,ไฟที่สามารถงดจ่ายไฟฟ้าได้,2565,-, - 
ภาคเหนือ,อุตรดิตถ์,ไฟสำรอง,2565,1,"3,533,000"
ภาคเหนือ,อุทัยธานี,กิจการขนาดกลาง,2565,277,"49,121,356"
ภาคเหนือ,อุทัยธานี,กิจการขนาดเล็ก,2565,7102,"58,561,645"
ภาคเหนือ,อุทัยธานี,กิจการขนาดใหญ่,2565,18,"40,274,241"
ภาคเหนือ,อุทัยธานี,กิจการเฉพาะอย่าง,2565,22,"1,940,479"
ภาคเหนือ,อุทัยธานี,บ้านอยู่อาศัย,2565,45306,"143,250,932"
ภาคเหนือ,อุทัยธานี,บ้านอยู่อาศัย,2565,60026,"50,510,225"
ภาคเหนือ,อุทัยธานี,สถานีอัดประจุไฟฟ้า,2565,-, - 
ภาคเหนือ,อุทัยธานี,สูบน้ำเพื่อการเกษตร,2565,55,"3,319,828"
ภาคเหนือ,อุทัยธานี,ส่วนราชการและองค์กรที่ไม่แสวงหากำไร,2565,5,"23,413"
ภาคเหนือ,อุทัยธานี,ไฟชั่วคราว,2565,2580,"3,980,016"
ภาคเหนือ,อุทัยธานี,ไฟที่สามารถงดจ่ายไฟฟ้าได้,2565,-, - 
ภาคเหนือ,อุทัยธานี,ไฟสำรอง,2565,-, - 
ภาคเหนือ,เชียงราย,กิจการขนาดกลาง,2565,1246,"232,859,621"
ภาคเหนือ,เชียงราย,กิจการขนาดเล็ก,2565,42428,"283,670,732"
ภาคเหนือ,เชียงราย,กิจการขนาดใหญ่,2565,45,"270,561,169"
ภาคเหนือ,เชียงราย,กิจการเฉพาะอย่าง,2565,239,"46,645,218"
ภาคเหนือ,เชียงราย,บ้านอยู่อาศัย,2565,162579,"428,777,377"
ภาคเหนือ,เชียงราย,บ้านอยู่อาศัย,2565,259181,"192,930,807"
ภาคเหนือ,เชียงราย,สถานีอัดประจุไฟฟ้า,2565,1,"13,078"
ภาคเหนือ,เชียงราย,สูบน้ำเพื่อการเกษตร,2565,62,"3,360,634"
ภาคเหนือ,เชียงราย,ส่วนราชการและองค์กรที่ไม่แสวงหากำไร,2565,101,"8,075,883"
ภาคเหนือ,เชียงราย,ไฟชั่วคราว,2565,12045,"13,568,670"
ภาคเหนือ,เชียงราย,ไฟที่สามารถงดจ่ายไฟฟ้าได้,2565,-, - 
ภาคเหนือ,เชียงราย,ไฟสำรอง,2565,-, - 
ภาคเหนือ,เชียงใหม่,กิจการขนาดกลาง,2565,2819,"613,873,563"
ภาคเหนือ,เชียงใหม่,กิจการขนาดเล็ก,2565,77813,"632,866,146"
ภาคเหนือ,เชียงใหม่,กิจการขนาดใหญ่,2565,116,"536,272,604"
ภาคเหนือ,เชียงใหม่,กิจการเฉพาะอย่าง,2565,838,"183,683,592"
ภาคเหนือ,เชียงใหม่,บ้านอยู่อาศัย,2565,390941,"1,195,746,937"
ภาคเหนือ,เชียงใหม่,บ้านอยู่อาศัย,2565,336498,"225,400,548"
ภาคเหนือ,เชียงใหม่,สถานีอัดประจุไฟฟ้า,2565,-, - 
ภาคเหนือ,เชียงใหม่,สูบน้ำเพื่อการเกษตร,2565,129,"10,030,322"
ภาคเหนือ,เชียงใหม่,ส่วนราชการและองค์กรที่ไม่แสวงหากำไร,2565,266,"12,942,110"
ภาคเหนือ,เชียงใหม่,ไฟชั่วคราว,2565,17224,"33,056,341"
ภาคเหนือ,เชียงใหม่,ไฟที่สามารถงดจ่ายไฟฟ้าได้,2565,-, - 
ภาคเหนือ,เชียงใหม่,ไฟสำรอง,2565,-, - 
ภาคเหนือ,เพชรบูรณ์,กิจการขนาดกลาง,2565,844,"204,718,919"
ภาคเหนือ,เพชรบูรณ์,กิจการขนาดเล็ก,2565,26230,"180,601,579"
ภาคเหนือ,เพชรบูรณ์,กิจการขนาดใหญ่,2565,37,"202,951,960"
ภาคเหนือ,เพชรบูรณ์,กิจการเฉพาะอย่าง,2565,96,"10,745,254"
ภาคเหนือ,เพชรบูรณ์,บ้านอยู่อาศัย,2565,118393,"337,516,250"
ภาคเหนือ,เพชรบูรณ์,บ้านอยู่อาศัย,2565,182939,"147,330,664"
ภาคเหนือ,เพชรบูรณ์,สถานีอัดประจุไฟฟ้า,2565,-,"1,586"
ภาคเหนือ,เพชรบูรณ์,สูบน้ำเพื่อการเกษตร,2565,32,"1,049,834"
ภาคเหนือ,เพชรบูรณ์,ส่วนราชการและองค์กรที่ไม่แสวงหากำไร,2565,5,"265,207"
ภาคเหนือ,เพชรบูรณ์,ไฟชั่วคราว,2565,5902,"9,552,246"
ภาคเหนือ,เพชรบูรณ์,ไฟที่สามารถงดจ่ายไฟฟ้าได้,2565,-, - 
ภาคเหนือ,เพชรบูรณ์,ไฟสำรอง,2565,-, - 
ภาคเหนือ,แพร่,กิจการขนาดกลาง,2565,441,"72,358,958"
ภาคเหนือ,แพร่,กิจการขนาดเล็ก,2565,17931,"102,099,149"
ภาคเหนือ,แพร่,กิจการขนาดใหญ่,2565,15,"34,353,589"
ภาคเหนือ,แพร่,กิจการเฉพาะอย่าง,2565,31,"4,193,321"
ภาคเหนือ,แพร่,บ้านอยู่อาศัย,2565,55848,"146,771,661"
ภาคเหนือ,แพร่,บ้านอยู่อาศัย,2565,96458,"71,982,689"
ภาคเหนือ,แพร่,สถานีอัดประจุไฟฟ้า,2565,-, - 
ภาคเหนือ,แพร่,สูบน้ำเพื่อการเกษตร,2565,56,"3,399,418"
ภาคเหนือ,แพร่,ส่วนราชการและองค์กรที่ไม่แสวงหากำไร,2565,22,"236,703"
ภาคเหนือ,แพร่,ไฟชั่วคราว,2565,2027,"2,272,773"
ภาคเหนือ,แพร่,ไฟที่สามารถงดจ่ายไฟฟ้าได้,2565,-, - 
ภาคเหนือ,แพร่,ไฟสำรอง,2565,-, - 
ภาคเหนือ,แม่ฮ่องสอน,กิจการขนาดกลาง,2565,143,"23,586,481"
ภาคเหนือ,แม่ฮ่องสอน,กิจการขนาดเล็ก,2565,8924,"48,370,750"
ภาคเหนือ,แม่ฮ่องสอน,กิจการขนาดใหญ่,2565,1,"1,213,620"
ภาคเหนือ,แม่ฮ่องสอน,กิจการเฉพาะอย่าง,2565,36,"3,864,939"
ภาคเหนือ,แม่ฮ่องสอน,บ้านอยู่อาศัย,2565,18116,"40,539,604"
ภาคเหนือ,แม่ฮ่องสอน,บ้านอยู่อาศัย,2565,47400,"30,324,016"
ภาคเหนือ,แม่ฮ่องสอน,สถานีอัดประจุไฟฟ้า,2565,-, - 
ภาคเหนือ,แม่ฮ่องสอน,สูบน้ำเพื่อการเกษตร,2565,16,"261,759"
ภาคเหนือ,แม่ฮ่องสอน,ส่วนราชการและองค์กรที่ไม่แสวงหากำไร,2565,7,"19,239"
ภาคเหนือ,แม่ฮ่องสอน,ไฟชั่วคราว,2565,1632,"1,412,979"
ภาคเหนือ,แม่ฮ่องสอน,ไฟที่สามารถงดจ่ายไฟฟ้าได้,2565,-, - 
ภาคเหนือ,แม่ฮ่องสอน,ไฟสำรอง,2565,-, - 
ภาคใต้,กระบี่,กิจการขนาดกลาง,2565,696,"155,848,881"
ภาคใต้,กระบี่,กิจการขนาดเล็ก,2565,10667,"119,605,645"
ภาคใต้,กระบี่,กิจการขนาดใหญ่,2565,36,"82,114,320"
ภาคใต้,กระบี่,กิจการเฉพาะอย่าง,2565,372,"123,078,091"
ภาคใต้,กระบี่,บ้านอยู่อาศัย,2565,81544,"284,421,479"
ภาคใต้,กระบี่,บ้านอยู่อาศัย,2565,70639,"62,412,500"
ภาคใต้,กระบี่,สถานีอัดประจุไฟฟ้า,2565,-, - 
ภาคใต้,กระบี่,สูบน้ำเพื่อการเกษตร,2565,3,"41,619"
ภาคใต้,กระบี่,ส่วนราชการและองค์กรที่ไม่แสวงหากำไร,2565,-, - 
ภาคใต้,กระบี่,ไฟชั่วคราว,2565,3804,"8,220,312"
ภาคใต้,กระบี่,ไฟที่สามารถงดจ่ายไฟฟ้าได้,2565,-, - 
ภาคใต้,กระบี่,ไฟสำรอง,2565,-, - 
ภาคใต้,ชุมพร,กิจการขนาดกลาง,2565,955,"241,303,961"
ภาคใต้,ชุมพร,กิจการขนาดเล็ก,2565,18651,"138,838,081"
ภาคใต้,ชุมพร,กิจการขนาดใหญ่,2565,46,"148,367,305"
ภาคใต้,ชุมพร,กิจการเฉพาะอย่าง,2565,76,"10,580,440"
ภาคใต้,ชุมพร,บ้านอยู่อาศัย,2565,103982,"314,503,450"
ภาคใต้,ชุมพร,บ้านอยู่อาศัย,2565,92027,"79,844,182"
ภาคใต้,ชุมพร,สถานีอัดประจุไฟฟ้า,2565,-, - 
ภาคใต้,ชุมพร,สูบน้ำเพื่อการเกษตร,2565,120,"443,559"
ภาคใต้,ชุมพร,ส่วนราชการและองค์กรที่ไม่แสวงหากำไร,2565,4,"49,160"
ภาคใต้,ชุมพร,ไฟชั่วคราว,2565,4805,"7,544,950"
ภาคใต้,ชุมพร,ไฟที่สามารถงดจ่ายไฟฟ้าได้,2565,-, - 
ภาคใต้,ชุมพร,ไฟสำรอง,2565,-, - 
ภาคใต้,ตรัง,กิจการขนาดกลาง,2565,671,"162,607,310"
ภาคใต้,ตรัง,กิจการขนาดเล็ก,2565,15826,"121,398,434"
ภาคใต้,ตรัง,กิจการขนาดใหญ่,2565,60,"319,727,629"
ภาคใต้,ตรัง,กิจการเฉพาะอย่าง,2565,64,"12,579,361"
ภาคใต้,ตรัง,บ้านอยู่อาศัย,2565,94355,"290,364,633"
ภาคใต้,ตรัง,บ้านอยู่อาศัย,2565,103746,"94,626,524"
ภาคใต้,ตรัง,สถานีอัดประจุไฟฟ้า,2565,-, - 
ภาคใต้,ตรัง,สูบน้ำเพื่อการเกษตร,2565,12,"158,023"
ภาคใต้,ตรัง,ส่วนราชการและองค์กรที่ไม่แสวงหากำไร,2565,-, - 
ภาคใต้,ตรัง,ไฟชั่วคราว,2565,3433,"6,193,321"
ภาคใต้,ตรัง,ไฟที่สามารถงดจ่ายไฟฟ้าได้,2565,-, - 
ภาคใต้,ตรัง,ไฟสำรอง,2565,-, - 
ภาคใต้,นครศรีธรรมราช,กิจการขนาดกลาง,2565,1429,"331,620,013"
ภาคใต้,นครศรีธรรมราช,กิจการขนาดเล็ก,2565,35196,"280,310,341"
ภาคใต้,นครศรีธรรมราช,กิจการขนาดใหญ่,2565,90,"305,149,923"
ภาคใต้,นครศรีธรรมราช,กิจการเฉพาะอย่าง,2565,163,"29,815,734"
ภาคใต้,นครศรีธรรมราช,บ้านอยู่อาศัย,2565,230645,"700,448,433"
ภาคใต้,นครศรีธรรมราช,บ้านอยู่อาศัย,2565,276540,"231,249,541"
ภาคใต้,นครศรีธรรมราช,สถานีอัดประจุไฟฟ้า,2565,-, - 
ภาคใต้,นครศรีธรรมราช,สูบน้ำเพื่อการเกษตร,2565,49,"939,337"
ภาคใต้,นครศรีธรรมราช,ส่วนราชการและองค์กรที่ไม่แสวงหากำไร,2565,2,"297,480"
ภาคใต้,นครศรีธรรมราช,ไฟชั่วคราว,2565,8923,"13,473,094"
ภาคใต้,นครศรีธรรมราช,ไฟที่สามารถงดจ่ายไฟฟ้าได้,2565,-, - 
ภาคใต้,นครศรีธรรมราช,ไฟสำรอง,2565,-, - 
ภาคใต้,นราธิวาส,กิจการขนาดกลาง,2565,397,"71,109,964"
ภาคใต้,นราธิวาส,กิจการขนาดเล็ก,2565,12528,"86,300,087"
ภาคใต้,นราธิวาส,กิจการขนาดใหญ่,2565,14,"37,956,205"
ภาคใต้,นราธิวาส,กิจการเฉพาะอย่าง,2565,18,"4,479,576"
ภาคใต้,นราธิวาส,บ้านอยู่อาศัย,2565,55231,"152,983,928"
ภาคใต้,นราธิวาส,บ้านอยู่อาศัย,2565,132433,"108,377,653"
ภาคใต้,นราธิวาส,สถานีอัดประจุไฟฟ้า,2565,-, - 
ภาคใต้,นราธิวาส,สูบน้ำเพื่อการเกษตร,2565,7,"68,330"
ภาคใต้,นราธิวาส,ส่วนราชการและองค์กรที่ไม่แสวงหากำไร,2565,-, - 
ภาคใต้,นราธิวาส,ไฟชั่วคราว,2565,4959,"3,877,719"
ภาคใต้,นราธิวาส,ไฟที่สามารถงดจ่ายไฟฟ้าได้,2565,-, - 
ภาคใต้,นราธิวาส,ไฟสำรอง,2565,-, - 
ภาคใต้,ปัตตานี,กิจการขนาดกลาง,2565,436,"90,378,714"
ภาคใต้,ปัตตานี,กิจการขนาดเล็ก,2565,12214,"94,211,206"
ภาคใต้,ปัตตานี,กิจการขนาดใหญ่,2565,28,"93,069,073"
ภาคใต้,ปัตตานี,กิจการเฉพาะอย่าง,2565,20,"4,764,888"
ภาคใต้,ปัตตานี,บ้านอยู่อาศัย,2565,55612,"158,152,826"
ภาคใต้,ปัตตานี,บ้านอยู่อาศัย,2565,122624,"99,506,284"
ภาคใต้,ปัตตานี,สถานีอัดประจุไฟฟ้า,2565,-, - 
ภาคใต้,ปัตตานี,สูบน้ำเพื่อการเกษตร,2565,3,"43,287"
ภาคใต้,ปัตตานี,ส่วนราชการและองค์กรที่ไม่แสวงหากำไร,2565,1, - 
ภาคใต้,ปัตตานี,ไฟชั่วคราว,2565,5453,"4,279,167"
ภาคใต้,ปัตตานี,ไฟที่สามารถงดจ่ายไฟฟ้าได้,2565,-, - 
ภาคใต้,ปัตตานี,ไฟสำรอง,2565,1,"656,100"
ภาคใต้,พังงา,กิจการขนาดกลาง,2565,547,"164,674,998"
ภาคใต้,พังงา,กิจการขนาดเล็ก,2565,9037,"76,960,912"
ภาคใต้,พังงา,กิจการขนาดใหญ่,2565,29,"58,238,413"
ภาคใต้,พังงา,กิจการเฉพาะอย่าง,2565,157,"101,510,300"
ภาคใต้,พังงา,บ้านอยู่อาศัย,2565,46874,"155,606,571"
ภาคใต้,พังงา,บ้านอยู่อาศัย,2565,42714,"37,235,902"
ภาคใต้,พังงา,สถานีอัดประจุไฟฟ้า,2565,1, - 
ภาคใต้,พังงา,สูบน้ำเพื่อการเกษตร,2565,-, - 
ภาคใต้,พังงา,ส่วนราชการและองค์กรที่ไม่แสวงหากำไร,2565,19,"211,543"
ภาคใต้,พังงา,ไฟชั่วคราว,2565,1965,"5,541,096"
ภาคใต้,พังงา,ไฟที่สามารถงดจ่ายไฟฟ้าได้,2565,-, - 
ภาคใต้,พังงา,ไฟสำรอง,2565,-, - 
ภาคใต้,พัทลุง,กิจการขนาดกลาง,2565,431,"79,559,414"
ภาคใต้,พัทลุง,กิจการขนาดเล็ก,2565,15495,"106,912,689"
ภาคใต้,พัทลุง,กิจการขนาดใหญ่,2565,11,"48,349,218"
ภาคใต้,พัทลุง,กิจการเฉพาะอย่าง,2565,33,"3,980,482"
ภาคใต้,พัทลุง,บ้านอยู่อาศัย,2565,69458,"198,797,439"
ภาคใต้,พัทลุง,บ้านอยู่อาศัย,2565,106533,"89,547,338"
ภาคใต้,พัทลุง,สถานีอัดประจุไฟฟ้า,2565,-, - 
ภาคใต้,พัทลุง,สูบน้ำเพื่อการเกษตร,2565,49,"1,275,713"
ภาคใต้,พัทลุง,ส่วนราชการและองค์กรที่ไม่แสวงหากำไร,2565,-, - 
ภาคใต้,พัทลุง,ไฟชั่วคราว,2565,3266,"4,055,194"
ภาคใต้,พัทลุง,ไฟที่สามารถงดจ่ายไฟฟ้าได้,2565,-, - 
ภาคใต้,พัทลุง,ไฟสำรอง,2565,-, - 
ภาคใต้,ภูเก็ต,กิจการขนาดกลาง,2565,1400,"333,998,371"
ภาคใต้,ภูเก็ต,กิจการขนาดเล็ก,2565,28720,"324,610,761"
ภาคใต้,ภูเก็ต,กิจการขนาดใหญ่,2565,71,"320,567,495"
ภาคใต้,ภูเก็ต,กิจการเฉพาะอย่าง,2565,945,"632,428,715"
ภาคใต้,ภูเก็ต,บ้านอยู่อาศัย,2565,144479,"670,957,976"
ภาคใต้,ภูเก็ต,บ้านอยู่อาศัย,2565,44512,"32,392,945"
ภาคใต้,ภูเก็ต,สถานีอัดประจุไฟฟ้า,2565,-, - 
ภาคใต้,ภูเก็ต,สูบน้ำเพื่อการเกษตร,2565,1,"2,390"
ภาคใต้,ภูเก็ต,ส่วนราชการและองค์กรที่ไม่แสวงหากำไร,2565,10,"768,850"
ภาคใต้,ภูเก็ต,ไฟชั่วคราว,2565,4214,"31,162,867"
ภาคใต้,ภูเก็ต,ไฟที่สามารถงดจ่ายไฟฟ้าได้,2565,-, - 
ภาคใต้,ภูเก็ต,ไฟสำรอง,2565,-, - 
ภาคใต้,ยะลา,กิจการขนาดกลาง,2565,411,"95,465,999"
ภาคใต้,ยะลา,กิจการขนาดเล็ก,2565,9782,"84,543,942"
ภาคใต้,ยะลา,กิจการขนาดใหญ่,2565,17,"44,929,914"
ภาคใต้,ยะลา,กิจการเฉพาะอย่าง,2565,37,"8,760,802"
ภาคใต้,ยะลา,บ้านอยู่อาศัย,2565,48506,"135,726,915"
ภาคใต้,ยะลา,บ้านอยู่อาศัย,2565,101350,"77,855,481"
ภาคใต้,ยะลา,สถานีอัดประจุไฟฟ้า,2565,-, - 
ภาคใต้,ยะลา,สูบน้ำเพื่อการเกษตร,2565,12,"56,585"
ภาคใต้,ยะลา,ส่วนราชการและองค์กรที่ไม่แสวงหากำไร,2565,-, - 
ภาคใต้,ยะลา,ไฟชั่วคราว,2565,4498,"4,435,304"
ภาคใต้,ยะลา,ไฟที่สามารถงดจ่ายไฟฟ้าได้,2565,-, - 
ภาคใต้,ยะลา,ไฟสำรอง,2565,1,"442,800"
ภาคใต้,ระนอง,กิจการขนาดกลาง,2565,349,"87,105,778"
ภาคใต้,ระนอง,กิจการขนาดเล็ก,2565,8208,"67,820,112"
ภาคใต้,ระนอง,กิจการขนาดใหญ่,2565,30,"100,281,249"
ภาคใต้,ระนอง,กิจการเฉพาะอย่าง,2565,27,"3,454,516"
ภาคใต้,ระนอง,บ้านอยู่อาศัย,2565,27605,"91,195,270"
ภาคใต้,ระนอง,บ้านอยู่อาศัย,2565,35040,"31,120,336"
ภาคใต้,ระนอง,สถานีอัดประจุไฟฟ้า,2565,1,"1,941"
ภาคใต้,ระนอง,สูบน้ำเพื่อการเกษตร,2565,-, - 
ภาคใต้,ระนอง,ส่วนราชการและองค์กรที่ไม่แสวงหากำไร,2565,6,"24,576"
ภาคใต้,ระนอง,ไฟชั่วคราว,2565,1650,"2,683,047"
ภาคใต้,ระนอง,ไฟที่สามารถงดจ่ายไฟฟ้าได้,2565,-, - 
ภาคใต้,ระนอง,ไฟสำรอง,2565,-, - 
ภาคใต้,สงขลา,กิจการขนาดกลาง,2565,1951,"509,141,176"
ภาคใต้,สงขลา,กิจการขนาดเล็ก,2565,46230,"407,930,352"
ภาคใต้,สงขลา,กิจการขนาดใหญ่,2565,197,"1,468,105,746"
ภาคใต้,สงขลา,กิจการเฉพาะอย่าง,2565,357,"85,679,378"
ภาคใต้,สงขลา,บ้านอยู่อาศัย,2565,264447,"842,913,358"
ภาคใต้,สงขลา,บ้านอยู่อาศัย,2565,204957,"174,429,844"
ภาคใต้,สงขลา,สถานีอัดประจุไฟฟ้า,2565,1,"17,288"
ภาคใต้,สงขลา,สูบน้ำเพื่อการเกษตร,2565,15,"1,608,057"
ภาคใต้,สงขลา,ส่วนราชการและองค์กรที่ไม่แสวงหากำไร,2565,5,"659,925"
ภาคใต้,สงขลา,ไฟชั่วคราว,2565,19174,"30,051,256"
ภาคใต้,สงขลา,ไฟที่สามารถงดจ่ายไฟฟ้าได้,2565,-, - 
ภาคใต้,สงขลา,ไฟสำรอง,2565,1,"243,600"
ภาคใต้,สตูล,กิจการขนาดกลาง,2565,372,"92,826,852"
ภาคใต้,สตูล,กิจการขนาดเล็ก,2565,7815,"53,957,542"
ภาคใต้,สตูล,กิจการขนาดใหญ่,2565,16,"57,392,488"
ภาคใต้,สตูล,กิจการเฉพาะอย่าง,2565,18,"1,611,803"
ภาคใต้,สตูล,บ้านอยู่อาศัย,2565,37128,"106,437,845"
ภาคใต้,สตูล,บ้านอยู่อาศัย,2565,57344,"48,797,253"
ภาคใต้,สตูล,สถานีอัดประจุไฟฟ้า,2565,-, - 
ภาคใต้,สตูล,สูบน้ำเพื่อการเกษตร,2565,1,"7,734"
ภาคใต้,สตูล,ส่วนราชการและองค์กรที่ไม่แสวงหากำไร,2565,-, - 
ภาคใต้,สตูล,ไฟชั่วคราว,2565,2188,"1,809,655"
ภาคใต้,สตูล,ไฟที่สามารถงดจ่ายไฟฟ้าได้,2565,-, - 
ภาคใต้,สตูล,ไฟสำรอง,2565,-, - 
ภาคใต้,สุราษฎร์ธานี,กิจการขนาดกลาง,2565,1947,"512,402,438"
ภาคใต้,สุราษฎร์ธานี,กิจการขนาดเล็ก,2565,37880,"361,352,076"
ภาคใต้,สุราษฎร์ธานี,กิจการขนาดใหญ่,2565,169,"958,955,697"
ภาคใต้,สุราษฎร์ธานี,กิจการเฉพาะอย่าง,2565,668,"231,604,444"
ภาคใต้,สุราษฎร์ธานี,บ้านอยู่อาศัย,2565,224292,"767,309,964"
ภาคใต้,สุราษฎร์ธานี,บ้านอยู่อาศัย,2565,188535,"158,147,659"
ภาคใต้,สุราษฎร์ธานี,สถานีอัดประจุไฟฟ้า,2565,1,"12,096"
ภาคใต้,สุราษฎร์ธานี,สูบน้ำเพื่อการเกษตร,2565,17,"287,018"
ภาคใต้,สุราษฎร์ธานี,ส่วนราชการและองค์กรที่ไม่แสวงหากำไร,2565,4,"119,729"
ภาคใต้,สุราษฎร์ธานี,ไฟชั่วคราว,2565,8857,"20,431,338"
ภาคใต้,สุราษฎร์ธานี,ไฟที่สามารถงดจ่ายไฟฟ้าได้,2565,-, - 
ภาคใต้,สุราษฎร์ธานี,ไฟสำรอง,2565,-, - 
